id,latitude,longitude,free_bikes,empty_slots,name,bike_availability,ll
fb337bbed72e2be090071e199899b2be,43.665269,-79.319796,18,1,Queen St E / Woodward Ave,94.74,"43.665269,-79.319796"
4ff88d5880e71aa40d34cfe5d09b0ca7,43.67142,-79.445947,4,10,Primrose Ave / Davenport Rd,28.57,"43.67142,-79.445947"
a09c67c0b419654d907c9134b108e328,43.666224,-79.317693,23,0,Queen St E / Rhodes Ave,100.0,"43.666224,-79.317693"
d6a9daee68070a8b106cfb598d81308c,43.653236,-79.376716,2,34,Bond St / Queen St E,5.56,"43.653236,-79.376716"
8f8af40d9388c8a3962559e8681d3db7,43.663722,-79.380288,15,19,Church St / Alexander St,44.12,"43.663722,-79.380288"
5a441560e262305d1934fb3ada5a9517,43.657763,-79.389165,11,11,University Ave / Gerrard St W (East Side),50.0,"43.657763,-79.389165"
18ea490ab3ca4d10e2927308416edbef,43.656729,-79.382736,17,6,Edward St / Yonge St,73.91,"43.656729,-79.382736"
b7850948607474362d3728f19a77fdff,43.664467,-79.414783,11,4,Euclid Ave / Bloor St W,73.33,"43.664467,-79.414783"
7ffd06e0207f80fe1ff6b5ae0bb0544c,43.675492,-79.388858,16,7,Yonge St / Aylmer Ave,69.57,"43.675492,-79.388858"
17fadbdc5848036c8485099bbf517294,43.674991,-79.396273,1,9,Davenport Rd / Avenue Rd,10.0,"43.674991,-79.396273"
843dcb87ce2ddb002d2b2900a5418355,43.671944,-79.387778,6,10,Yonge St / Yorkville Ave,37.5,"43.671944,-79.387778"
438406694750984faa317bc6b1f3f909,43.662365,-79.351104,16,3,Dundas St E / Broadview Ave,84.21,"43.662365,-79.351104"
41c3e6d3bf3bd993e7d56e22084ab5ee,43.646144,-79.377962,8,38,Front St W / Yonge St (Hockey Hall of Fame),17.39,"43.646144,-79.377962"
c95712a6fe0babf73cb9da2c05889749,43.663993,-79.358534,8,2,Gerrard St E / River St,80.0,"43.663993,-79.358534"
2aedc79960408d746f43fb1d91bf7030,43.657266,-79.374756,10,16,Jarvis St / Dundas St E,38.46,"43.657266,-79.374756"
77f9f2420581968255251d9f26c78024,43.673939,-79.441159,0,15,Regal Rd / Dufferin St,0.0,"43.673939,-79.441159"
7461a94289f2956b380e5b7684b56a1e,43.657991,-79.340075,6,2,Morse St / Eastern Ave,75.0,"43.657991,-79.340075"
69dc0257a4d3a1dcd5af06dc3b4eed8c,43.66745,-79.329408,20,3,Alton Ave / Dundas St E (Greenwood Park),86.96,"43.66745,-79.329408"
365a0f49bf1c9b42c35b531688b9fed9,43.672453,-79.338259,2,12,Blake St / Boultbee Ave,14.29,"43.672453,-79.338259"
49021f20833894e3dbfaea4fb6e7a9dc,43.6592088,-79.3348396,7,7,Eastern Ave / Winnifred Ave,50.0,"43.659209,-79.33484"
3910976dfd5888140602a42b14637022,43.689211,-79.35438,7,15,Gamble Ave / Broadview Ave,31.82,"43.689211,-79.35438"
1fe2e0ad1678ffaf965b10e03a08aaf2,43.656927,-79.378497,8,7,111 Bond St (North of Dundas St E)  - SMART,53.33,"43.656927,-79.378497"
e565aef96d6d5fce5279ef6f24b9ce69,43.658295,-79.372346,10,6,Dundas St E / Pembroke St - SMART,62.5,"43.658295,-79.372346"
c765943cac057b6cac0946eff428bf5b,43.6940155,-79.2889842,2,17,Victoria Park Subway Station - SMART,10.53,"43.694016,-79.288984"
e0dec8b8f5ed285bfbd952bb253084f4,43.6809164,-79.4229684,2,14,Wychwood Ave / Benson Ave - SMART,12.5,"43.680916,-79.422968"
5ee5f79fc51737623d425310eb0bf02b,43.6910667,-79.39535,5,10,Lawton Blvd / Yonge St,33.33,"43.691067,-79.39535"
0daa4477ec313c30dc3036f4bd45e0ba,43.6975969,-79.39654,3,11,Yonge St / Davisville Ave,21.43,"43.697597,-79.39654"
e2911ec2b832c350dad0a8831a30d273,43.639832,-79.395954,31,12,Fort York  Blvd / Capreol Ct,72.09,"43.639832,-79.395954"
57ef343f4e12ae497e29c3693d922197,43.667333,-79.399429,2,15,St. George St / Bloor St W,11.76,"43.667333,-79.399429"
a0100ff8f210b72706e06b4c31a329fe,43.6480008,-79.383177,9,12,King St W / York St,42.86,"43.648001,-79.383177"
75b9fc3e9bf42a5d26fa1393d9ce72ed,43.687999,-79.38906,1,15,Rosehill Ave / Avoca Ave - SMART,6.25,"43.687999,-79.38906"
d3e1a4057d9bf7c31c216017a0f1989b,43.6563889,-79.45166666666667,4,9,Bloor St W / Dundas St W,30.77,"43.656389,-79.451667"
8a4d335d5540e0c2132ffdb1def165f6,43.639179,-79.399595,9,9,Bathurst St / Fort York Blvd,50.0,"43.639179,-79.399595"
359ce82fbe9d1e9e9962321e62f6066f,43.6616667,-79.40138888888889,4,11,Spadina Ave / Willcocks St,26.67,"43.661667,-79.401389"
4077bf05c083f50d09a52487fd234193,43.66666667,-79.45833333333334,1,17,Cariboo Ave / Railpath Trail,5.56,"43.666667,-79.458333"
6aa469025f8c5ff029052fab35bca1f4,43.6576,-79.4032,11,3,College St / Major St,78.57,"43.6576,-79.4032"
b086f4ccca33b1b976b40abe69b78d42,43.660694,-79.379052,8,7,McGill St / Church St,53.33,"43.660694,-79.379052"
0fa15700b0d780b8f810ced06a01760d,43.636533,-79.395854,20,1,Queens Quay W / Dan Leckie Way,95.24,"43.636533,-79.395854"
ce6e330ba7f61e0453dc1567eaa02745,43.643667,-79.380414,7,4,25 York St – Union Station South,63.64,"43.643667,-79.380414"
049c76540151608ec55bfcd0e1748f41,43.666233,-79.373327,13,9,161 Bleecker St (South of Wellesley),59.09,"43.666233,-79.373327"
55a100afdce605b59cf4acbefcdf3213,43.640114,-79.393249,3,17,Spadina Ave / Fort York Blvd,15.0,"43.640114,-79.393249"
422a936ddcb551dd9f26ec313a450057,43.653766,-79.4016759,10,3,Augusta Ave / Denison Sq,76.92,"43.653766,-79.401676"
e38ee1ccd4c3964a5c0d308d29403b88,43.6538888888889,-79.4413888888889,0,14,Lansdowne Ave / Whytock Ave,0.0,"43.653889,-79.441389"
fc5b892aa82601e2374e8c1772dde569,43.6508333333333,-79.4430555555556,8,11,Sterling Rd / Dundas St W,42.11,"43.650833,-79.443056"
452241fc4e912119f006a20b4b0099cf,43.6544915,-79.422634,3,6,Ossington Ave / College St,33.33,"43.654492,-79.422634"
eb20e0b8c7c8bf1fc4157a3b715e2837,43.6543604,-79.4655296,3,6,High Park Subway Station,33.33,"43.65436,-79.46553"
baedec3042f7094d0564ef8a1295e5d8,43.635932,-79.465083,6,10,Lake Shore Blvd W / Ellis Ave,37.5,"43.635932,-79.465083"
e4481e45d22462b01aca9513d8f5674e,43.634896,-79.467763,5,13,Lake Shore Blvd W / Windermere Ave,27.78,"43.634896,-79.467763"
0cf5a51077c51159b5d6c8ed5b4c9db5,43.6314,-79.4304,11,16,Martin Goodman Trail (Marilyn Bell Park),40.74,"43.6314,-79.4304"
59ef2a57efd0caf7727dbb6451bb8808,43.636731,-79.444966,13,6,Lake Shore Blvd W / The Boulevard Club,68.42,"43.636731,-79.444966"
fe00988a883c9469b82d17221ef1824b,43.6534268,-79.4512787,5,6,Dundas St W / Roncesvalles Ave Green P -SMART,45.45,"43.653427,-79.451279"
f376aecd6bb0d97d5d1580e9537017dd,43.7112153,-79.39894,1,15,Erskine Ave / Yonge St SMART,6.25,"43.711215,-79.39894"
d04f206f6afecb72f5821586d56f5071,43.655227,-79.39201,10,6,D'Arcy St / McCaul St - SMART,62.5,"43.655227,-79.39201"
d7227eafd0ff8024632b2c9cef1f209c,43.685167,-79.34962,5,6,Mortimer Ave / Carlaw Ave SMART,45.45,"43.685167,-79.34962"
0ec9fc6c92f35e65f603cd6e7c550f1f,43.6704537,-79.39014,5,4,Cumberland St / Bay St SMART,55.56,"43.670454,-79.39014"
0ff8f31be644b9e2af6d38b89bf42c07,43.641389,-79.404444,6,7,Niagara St / Tecumseth St,46.15,"43.641389,-79.404444"
bb30daddc7221e19cffecf3ac108f28c,43.6545174,-79.3895315,0,19,Dundas St W / St. Patrick St,0.0,"43.654517,-79.389532"
f52bcef41a84669da7a468cfc4531356,43.665846,-79.404998,4,12,Robert St / Bloor St W - SMART,25.0,"43.665846,-79.404998"
05d7abba295be4af9e74ca3ec241ebd7,43.671349,-79.29451,11,0,Queen St E / Hammersmith Ave,100.0,"43.671349,-79.29451"
973748f7f27229b41ca0d2a96dea777e,43.667208,-79.312315,5,9,Queen St. E / Eastern Ave,35.71,"43.667208,-79.312315"
e5a7fc18db4989ecaf70a7e98866faee,43.669328,-79.288949,7,12,Hubbard Blvd / Balsam Av,36.84,"43.669328,-79.288949"
c7cbc921ca5b8310e7218ca5669ad83f,43.672571,-79.289,6,9,Queen St. E / Spruce Hill Rd.,40.0,"43.672571,-79.289"
d1de2ddc0ea8a90d00ff717ad60a2f23,43.638497,-79.39192,17,1,Lower Spadina Ave / Lake Shore Blvd W,94.44,"43.638497,-79.39192"
61291082be03c77f92f883b95292557a,43.662771,-79.315223,10,5,Lower Coxwell Ave /  Lake Shore Blvd E,66.67,"43.662771,-79.315223"
d60491c58bb95d6ddefb1f1b1ac3f56f,43.66852,-79.363525,1,9,Amelia St / Sumach St,10.0,"43.66852,-79.363525"
d81d4d6231b9da01ba7f3d6e50728ca8,43.652473,-79.401456,9,6,Augusta Ave / Dundas St W,60.0,"43.652473,-79.401456"
d0a8478c786cb2480de4fcecda844781,43.643975,-79.419576,24,6,Queen St W / Ossington Ave,80.0,"43.643975,-79.419576"
1053161189e46ea1c3122c94b644bc9d,43.651318,-79.36023,10,6,Trinity St /Front St E,62.5,"43.651318,-79.36023"
02feaaef65cff4671fb1935179895659,43.656094,-79.381484,26,2,Dundas St W / Yonge St,92.86,"43.656094,-79.381484"
b076c918fa10b274340bcdb0f0bca1a6,43.670318,-79.405181,1,8,Kendal Ave / Spadina Rd,11.11,"43.670318,-79.405181"
dc268bf6d12c7311db0b5b61b3304b03,43.639444,-79.423611,11,8,King St W / Joe Shuster Way,57.89,"43.639444,-79.423611"
0abdfc3177000757dcd71bd4c8b479ee,43.67,-79.42083333333333,1,10,Yarmouth Rd / Christie St,9.09,"43.67,-79.420833"
37c32c09c594b83701b3b8f6e32db605,43.671389,-79.416389,1,11,Palmerston Ave / Vermont Ave,8.33,"43.671389,-79.416389"
8536b57314846d3b42645c0023e6e60d,43.68,-79.42500000000001,0,18,Christie St / Benson Ave (Wychwood Barns),0.0,"43.68,-79.425"
8db5b143b08ea1fed85f0702fcfe01ec,43.6394444,-79.42527777777778,0,15,King St W / Fraser Ave,0.0,"43.639444,-79.425278"
879f0d4ef4403ab902e541528bf329f6,43.675791,-79.40698,4,11,Macpherson Ave / Spadina Rd,26.67,"43.675791,-79.40698"
c497911a9c04bebbbc32e5211c081f85,43.675556,-79.410278,8,7,Bridgman Ave / Kendal Ave,53.33,"43.675556,-79.410278"
2e19220f1e64559e88f3c48b3ebf2916,43.674444,-79.414722,6,9,Bridgman Ave / Bathurst St,40.0,"43.674444,-79.414722"
afa3ff2218a5d1817934c7c7c7bb5d19,43.671513,-79.408317,3,12,Kendal Ave / Bernard Ave,20.0,"43.671513,-79.408317"
ddba9c631e11fbae48e2be60289f60c2,43.6783213,-79.35822,1,18,Pretoria Ave / Broadview Ave,5.26,"43.678321,-79.35822"
a7ca61373064c6581461132f1ae050de,43.6848652,-79.356602,3,20,Broadview Ave / Westwood Ave,13.04,"43.684865,-79.356602"
62a1c39596c3d512dfa04f1d29b81035,43.68395,-79.347046,14,5,Fulton Ave / Pape Ave,73.68,"43.68395,-79.347046"
b960be1eba97f5aefc6ad39ecc93cb11,43.690537,-79.341307,1,17,Cosburn Ave / Donlands Ave,5.56,"43.690537,-79.341307"
908b17c0d06011373777bace0a3cd74c,43.704461,-79.423122,2,12,Beltline Trail / Chaplin Cres,14.29,"43.704461,-79.423122"
d2ce6ae839b7df2c912ab140253a5574,43.659195,-79.329196,12,7,Lake Shore Blvd E / Leslie St,63.16,"43.659195,-79.329196"
72de8a8e0a0966768f8115d755532e4c,43.682645,-79.377557,5,18,Rosedale Park (20 Scholfield Ave),21.74,"43.682645,-79.377557"
4c18c44e6f93e57321d327124945cb19,43.6475,-79.43305555555555,11,3,Mary McCormick Rec Centre (Sheridan Ave),78.57,"43.6475,-79.433056"
071b427d1f3f600d6b9f35ca6576ebe2,43.671526,-79.44874,3,15,Davenport Rd / Lansdowne Ave,16.67,"43.671526,-79.44874"
08b57a79795bbd49a15e4a3692ee924f,43.6452972,-79.3827914,16,2,Front St W / University Ave (2),88.89,"43.645297,-79.382791"
fe806cf907683c67f4d2899eb4123f00,43.6452091,-79.3960744,6,12,457 King St W,33.33,"43.645209,-79.396074"
dad51db43939490092b81d8cea72e018,43.6555556,-79.43361111111112,14,3,Dufferin St / Sylvan Av (Dufferin Grove Park),82.35,"43.655556,-79.433611"
d06ed2c21f6ff4e4cbc77b64e65bd801,43.645665,-79.415345,13,5,Crawford St / Queen St W,72.22,"43.645665,-79.415345"
789f216e52af17d73307365401bb9109,43.660207,-79.361275,18,8,Dundas St E / Regent Park Blvd,69.23,"43.660207,-79.361275"
9c5b6e6af1002ebba73b6be3039e78a2,43.648655,-79.367061,1,24,Lower Sherbourne St / The Esplanade,4.0,"43.648655,-79.367061"
4b5b510307e10e878321a5eaa419c976,43.6605603,-79.3437663,2,2,Jimmie Simpson Park (Queen St E),50.0,"43.66056,-79.343766"
ed77bb45e5a6964a4b94c780d5c21584,43.6561111,-79.36138888888888,11,3,Queen St E / Sackville St,78.57,"43.656111,-79.361389"
419d42f093b90ba03bd31b21039ff5f0,43.652219,-79.354455,20,7,Mill St / Tannery Rd,74.07,"43.652219,-79.354455"
b3fca97a4a4308fefb648b6815e3907d,43.650279,-79.356832,1,14,Cherry St / Distillery Ln,6.67,"43.650279,-79.356832"
17b0d8ca1c69eca14d3173c15fa144e4,43.649147,-79.395504,10,1,Queen St W / Spadina Ave,90.91,"43.649147,-79.395504"
c4077147fd13aa009cb7f1a59b0f8178,43.662085,-79.397735,10,7,Willcocks St / St. George St,58.82,"43.662085,-79.397735"
b894ec8d0d8ab0f3a9bf708ee4c90d14,43.659575,-79.365769,9,4,Dundas St E / Parliament St,69.23,"43.659575,-79.365769"
195c1a917f697ab4b4fb52431e921423,43.668456,-79.393899,20,1,Queen's Park / Bloor St W,95.24,"43.668456,-79.393899"
e67960ae2a91a3adf6adf65a92dfd09f,43.639052,-79.399792,14,5,Fort York Blvd / Bathurst St - SMART,73.68,"43.639052,-79.399792"
4b7f75302d4eec9130e1e486ba486571,43.6448617,-79.42822,4,11,Alma Ave / Gladstone Ave SMART,26.67,"43.644862,-79.42822"
1e01daecd9b52d95d82346c5c81d2ba0,43.660414,-79.415646,6,6,Harbord St / Clinton St,50.0,"43.660414,-79.415646"
82051b9dc79b4b401acc0872abc734a9,43.661975,-79.407896,1,6,Central Tech  (Harbord St),14.29,"43.661975,-79.407896"
4504736e6ccb393e9f89000f91479688,43.65905,-79.422988,1,9,Roxton Rd / Harbord St,10.0,"43.65905,-79.422988"
b4e20439535ceebae999cba2f02789eb,43.66,-79.4088888888889,0,11,Ulster St / Bathurst St,0.0,"43.66,-79.408889"
09007b5f868cd54be0f040f9a9a75c42,43.690564,-79.326319,11,12,Mortimer Ave / Coxwell Ave,47.83,"43.690564,-79.326319"
7f29cbdced0d217c129cc9648f1becbe,43.688325,-79.300463,6,8,Danforth Ave / Barrington Ave,42.86,"43.688325,-79.300463"
135f69ed3bde48aaf1d0006b4f080149,43.658938,-79.383518,8,17,College Park - Gerrard Entrance,32.0,"43.658938,-79.383518"
fe97ae335b31b6c455f340f397904d38,43.683378,-79.322961,8,6,Danforth Ave / Coxwell Ave,57.14,"43.683378,-79.322961"
d8db167197846ff7cbe59c9a35aed587,43.6425636,-79.3762,12,3,12 Harbour St,80.0,"43.642564,-79.3762"
391a459d2ca6e2c8eefa90736b2e9142,43.6521,-79.4486,9,3,Howard Park Ave / Dundas St W - SMART,75.0,"43.6521,-79.4486"
0ac5489c6a4750403c053598153880b0,43.633473,-79.425679,5,11,Dufferin Gate - SMART,31.25,"43.633473,-79.425679"
0e89e5d6c910f6df787cd9c903ade959,43.630254,-79.420317,17,17,Lake Shore Blvd W / Ontario Dr,50.0,"43.630254,-79.420317"
d0d6832dcab19b3cb35c2474d2e8c088,43.662403,-79.423098,20,14,Bloor St W / Shaw St - SMART,58.82,"43.662403,-79.423098"
beb87ea54499f95a614653924c99b9c4,43.656945,-79.424911,3,13,Concord Ave / Dewson St,18.75,"43.656945,-79.424911"
d8c6779ffdcc8889412fd4c9b0a08c35,43.6817346,-79.4184725,0,19,Hocken Ave / Vaughan Rd,0.0,"43.681735,-79.418472"
fba4560a5641afdb69a97d04466ef788,43.683296,-79.418734,0,19,St Clair Ave W / Bathurst St.,0.0,"43.683296,-79.418734"
a943462e1ee05f0073b647a5b787f81d,43.673831,-79.281455,14,4,Queen St E / Nursewood Rd,77.78,"43.673831,-79.281455"
e3c4ef5e47b905992ebcd262cc3df594,43.666325,-79.3014,15,7,Kewbeach Ave / Kenilworth Ave,68.18,"43.666325,-79.3014"
044fd938d016b91837e9b02be913b5c7,43.651145,-79.423742,6,9,Lakeview Ave / Harrison St (Green P) – SMART,40.0,"43.651145,-79.423742"
c8cc2df4c8343778481f7f7c53499df7,43.654905,-79.398448,13,6,Baldwin St / Spadina Ave - SMART,68.42,"43.654905,-79.398448"
2037c7d47c8b7babcd2c4a058a66a6c8,43.6571,-79.4056,1,5,College St / Borden St,16.67,"43.6571,-79.4056"
73555343619c6b9d1253029204bbd5cd,43.652823,-79.393388,8,15,Beverley St / Dundas St W,34.78,"43.652823,-79.393388"
d4c9a3af6604468422edfb03f56462db,43.665527,-79.387499,9,5,Bay St / St. Joseph St,64.29,"43.665527,-79.387499"
6e0b53806a9d068b042fa21bd67c5418,43.6582,-79.3768,13,17,Gould St / Mutual St,43.33,"43.6582,-79.3768"
c6f56ec0831b791abbce0992adba6318,43.671172,-79.354704,4,8,Riverdale Park North (Broadview Ave),33.33,"43.671172,-79.354704"
3b2853992a1700739c8fa569801e1c48,43.677076,-79.35667,4,10,Danforth Ave / Ellerbeck St,28.57,"43.677076,-79.35667"
a9f7723da0cc432f4d057e3ceede292e,43.678401,-79.346289,2,22,Danforth Ave / Gough Ave,8.33,"43.678401,-79.346289"
79b67fbfd130d41c9162e805a9e755be,43.681991,-79.329455,4,15,Danforth Ave / Lamb Ave,21.05,"43.681991,-79.329455"
667cd54aa27ec06620753f3d19a78b3d,43.6422222,-79.41111111111111,9,5,King St W / Stafford St,64.29,"43.642222,-79.411111"
37b46f2e5573e69f5451dc09c0c14660,43.663808,-79.410491,3,15,Bathurst St / Lennox St,16.67,"43.663808,-79.410491"
8db545a0135f7b92022fbdbbc75af6c4,43.6666667,-79.41166666666668,1,21,Bathurst Subway Station,4.55,"43.666667,-79.411667"
78ac4436b3398ac55b47569863af6c41,43.6638889,-79.41888888888889,3,16,Bloor St W / Christie St,15.79,"43.663889,-79.418889"
6d45f03d18059ba5e61f0d44a0cea59d,43.661705,-79.425734,0,11,Ossington Ave / Bloor St W,0.0,"43.661705,-79.425734"
cf1adac21d23e26855ea06278b5cd149,43.6686111,-79.42027777777778,12,6,Essex St / Christie St - SMART,66.67,"43.668611,-79.420278"
3863dd61e00ea66710f789ae4297a2d2,43.665327,-79.43235,1,17,Westmoreland Ave / Fernbank Ave,5.56,"43.665327,-79.43235"
46bdd4a2b7715a9e32917b830777f17f,43.657343,-79.43112,9,10,Havelock St / Dufferin Park,47.37,"43.657343,-79.43112"
6ac9cdf0b92883715b404d41c779af0b,43.645324,-79.40345,0,22,Bathurst St / Adelaide St W,0.0,"43.645324,-79.40345"
a0582ad73e21704a28197ee3c0aa4bcd,43.650256,-79.36163,11,2,Mill St / Parliament St,84.62,"43.650256,-79.36163"
bc19a4e6924e29937e76c9e82b55584c,43.65111111111111,-79.4213888888889,17,1,Ossington Ave / Harrison St,94.44,"43.651111,-79.421389"
71debce521f35fd4e280e8ee1e2dd8cc,43.656296,-79.414663,6,9,80 Clinton St,40.0,"43.656296,-79.414663"
5dd14c8888280d1274f6ad3e04f6d6cd,43.651281,-79.411717,5,8,Claremont St / Dundas St W,38.46,"43.651281,-79.411717"
d7bb48a755f69109f6584df0a207c9b2,43.65277778,-79.42972222,9,6,Rusholme Park Cres / College St,60.0,"43.652778,-79.429722"
e53f168eadc3a7e3b9704193c739cb12,43.655,-79.418889,9,8,College St / Crawford St,52.94,"43.655,-79.418889"
3e05658e4bcad33e9d606744235dadcc,43.663912,-79.327987,15,3,Queen St E / Alton Av,83.33,"43.663912,-79.327987"
ab92855299769ca50b1354e489b31a31,43.6462176,-79.3855048,3,11,Simcoe St / Wellington St W North,21.43,"43.646218,-79.385505"
20671fface2f37dd6d2d4263534c29e5,43.69595,-79.328535,8,11,Coxwell Ave / Plains Rd,42.11,"43.69595,-79.328535"
67862da2d3680a6eaa417b8ce2d945d4,43.6753188,-79.3462789,2,13,Carlaw Ave / Strathcona Ave,13.33,"43.675319,-79.346279"
f42363acf4af847ca6fcdbe9b48c8290,43.637981,-79.424146,10,9,Liberty St / Fraser Ave Green P,52.63,"43.637981,-79.424146"
3c85f738ad60e03252f1d62fec2f34d6,43.640885,-79.416379,1,8,King St W / Douro St,11.11,"43.640885,-79.416379"
c7948cf5155f3ddaefa9a8279f203b5a,43.6552778,-79.36583333333333,10,2,Queen St E / Berkeley St,83.33,"43.655278,-79.365833"
13e6abf323682b291aadb3371ce32cc7,43.664524,-79.36793,15,12,Carlton St / Parliament St,55.56,"43.664524,-79.36793"
e46a04a7825e44fa858bc0cb00a4458a,43.665867,-79.362506,7,7,Sumach St / Carlton St (Riverdale Farm),50.0,"43.665867,-79.362506"
5db77b72334a7b8823a28662a03f8e38,43.648575,-79.380042,11,8,King St W / Bay St (East Side),57.89,"43.648575,-79.380042"
c955acbcda8513471837f2aa55a98fb1,43.643473,-79.390477,11,2,Front St W / Blue Jays Way,84.62,"43.643473,-79.390477"
6d07f3c1d79ff6816c5c04a7def6e6eb,43.645859,-79.38783,17,10,Metro Hall Plaza,62.96,"43.645859,-79.38783"
019e5937c3fc120cee906770bca8fa69,43.640722,-79.391051,5,4,Navy Wharf Crt / Bremner Blvd,55.56,"43.640722,-79.391051"
3754aff9599513c7ba4e4649ea3818dd,43.66207,-79.37617,1,14,Jarvis St / Carlton St,6.67,"43.66207,-79.37617"
e0ae749c309ee887012688bbd69c8b10,43.660206,-79.3244,10,1,Lake Shore Blvd E / Knox Ave,90.91,"43.660206,-79.3244"
ee45e3b6a9f07f4581d82c06d9bd5f51,43.668633,-79.291162,10,5,Hubbard Blvd / Glen Manor Dr,66.67,"43.668633,-79.291162"
af0a7227a67fe55fb0c12597326e6b3b,43.665801,-79.384796,9,2,Yonge St / Dundonald St - SMART,81.82,"43.665801,-79.384796"
4f8770c2a0ee3962babd83913df2e99c,43.668153,-79.38891,5,13,Bay St / Charles St W - SMART,27.78,"43.668153,-79.38891"
f0af815a9e6c12bd0382843e03fd322f,43.7063473,-79.40161,2,17,Eglinton Ave W / Henning Ave SMART,10.53,"43.706347,-79.40161"
b3786025b3e4a46d9a21d6b82087cd12,43.6978701,-79.39419,25,9,Balliol St / Yonge St  SMART,73.53,"43.69787,-79.39419"
44bdbe8a2ac75fbe4cc0edf41fe1d4fa,43.696708,-79.40045,3,14,Frobisher Ave / Lascelles Blvd,17.65,"43.696708,-79.40045"
ba979c39b60f1144fc9dd91faaeeea64,43.6476616,-79.37549,1,9,Front St E / Scott St,10.0,"43.647662,-79.37549"
eb9f4cf130feebf9af0dc0225411eb98,43.6487245,-79.36839,8,11,Frederick St / The Esplanade,42.11,"43.648724,-79.36839"
52d497af695140c759b28d7bf63e94f4,43.64852,-79.380576,12,27,King St W / Bay St (West Side),30.77,"43.64852,-79.380576"
ee2e9277d3e8a86acbfdda0e395d1378,43.656026,-79.385327,5,8,Elizabeth St / Edward St (Bus Terminal),38.46,"43.656026,-79.385327"
90d36d6e81fff926a434e196e0a43d53,43.645323,-79.395003,1,16,King St W / Spadina Ave,5.88,"43.645323,-79.395003"
14d5d7e0f5a8e23c9b50f62ea39f725c,43.677778,-79.405556,5,9,Glen Edyth Dr / Davenport Rd,35.71,"43.677778,-79.405556"
3bfbe7d9edced07da6dd283495fb8170,43.641646,-79.375308,12,31,Queens Quay / Yonge St,27.91,"43.641646,-79.375308"
58c0d439a59414e5e23bf5021e264d79,43.646162,-79.378912,5,3,Front St W / Bay St (North Side),62.5,"43.646162,-79.378912"
f36d8ed5ff407fc4eab6c9cc344661f9,43.687323,-79.304848,6,9,Danforth Ave / Westlake Ave,40.0,"43.687323,-79.304848"
15fc89637ebe1c3e63fbe123d70819ee,43.668991,-79.379385,9,13,Jarvis St / Isabella St,40.91,"43.668991,-79.379385"
ef0363fb67db85c62cfe83b7032ade5b,43.6622222,-79.3825,2,13,Yonge St / Wood St,13.33,"43.662222,-79.3825"
9fcbcd2e313ddf16bc7200bede80e9a6,43.64333333333333,-79.40555555555557,9,9,King St W / Tecumseth St,50.0,"43.643333,-79.405556"
f5506a406fb49a19088bedd1d8e9cd2f,43.6575,-79.39527777777778,4,18,Beverley St / College St,18.18,"43.6575,-79.395278"
fc62f74abe3d79fa430f55f6f56e5e3a,43.657424,-79.381019,9,10,Gould St / Yonge St (TMU),47.37,"43.657424,-79.381019"
4b13a471170e0768fe5e1ca0b30fde8d,43.64595,-79.378761,12,6,Front St W / Bay St (South Side),66.67,"43.64595,-79.378761"
5e8bf46c90fa957882beddfb6625870b,43.668427,-79.38725,2,19,Charles St W / Balmuto St - SMART,9.52,"43.668427,-79.38725"
3ba9b248dbb5b0ffa30ec9807f14476c,43.669604,-79.381171,1,18,Charles St E / Jarvis St - SMART,5.26,"43.669604,-79.381171"
0690f86b4ecb172570d8e08b5f9004c3,43.661673,-79.337789,11,3,Queen St E / Pape Ave - SMART,78.57,"43.661673,-79.337789"
9796c16b7ac90260d9f033ba4735acea,43.665656,-79.352055,12,6,Gerrard St E / Broadview Ave  - SMART,66.67,"43.665656,-79.352055"
abbcc3b45ad10472c3ec35ce3fb6e078,43.6308933,-79.4722622,17,2,Humber Bay Shores Park East,89.47,"43.630893,-79.472262"
ec48a65298b460584afe2586c15c360c,43.6224434,-79.480284,19,11,Humber Bay Shores Park West,63.33,"43.622443,-79.480284"
21982c325ac8d5dcc146b350aa0e8298,43.66986,-79.398443,4,9,Taddle Creek Park,30.77,"43.66986,-79.398443"
82748c8c8a714dd216bcd4c636585556,43.659471,-79.350325,11,12,Thompson St / Broadview Ave - SMART,47.83,"43.659471,-79.350325"
16658c808dda522274b99346e8f815fb,43.650492,-79.450842,3,15,Roncesvalles Ave / Marmaduke St,16.67,"43.650492,-79.450842"
4d985c0489e4b123e499fcaa4b70e32e,43.640255,-79.439223,9,6,Queen St W  /  Fuller Ave - SMART,60.0,"43.640255,-79.439223"
2567d3e27e558c6e6ee94c289c838111,43.637922,-79.431734,4,10,King St W / Cowan Ave - SMART,28.57,"43.637922,-79.431734"
760056e88951946d2f3e9bea859333eb,43.643769,-79.447915,5,14,Garden Ave / Roncesvalles Ave,26.32,"43.643769,-79.447915"
c08362564d4889e345bfaaa42da5fb4f,43.649172,-79.4445087,11,4,Sorauren Ave / Geoffrey St - SMART,73.33,"43.649172,-79.444509"
29f79e7d7e4440c7554a3f3e3bae4f88,43.66587,-79.33443,8,8,Mallon Ave / Jones Ave -SMART,50.0,"43.66587,-79.33443"
8d65a48806e799a8c2d5dcb77e97c1cb,43.658816,-79.367318,7,13,Berkeley St / Dundas St E - SMART,35.0,"43.658816,-79.367318"
53fc6d540a0eac8fb9f5366572e53515,43.654004,-79.444792,9,9,128 Sterling Rd - SMART,50.0,"43.654004,-79.444792"
049156f7c0e19a53a77d8310d93eed0c,43.6397,-79.44865,11,7,Sunnyside Ave / The Queensway - SMART,61.11,"43.6397,-79.44865"
adaa360374ea04ae057eba2ca7ba3e5b,43.653809,-79.3595,6,6,Sackville St / Eastern Ave - SMART,50.0,"43.653809,-79.3595"
8485289697ef258129b2437308511fcb,43.673768,-79.391253,7,4,Davenport Rd / McAlpine St - SMART,63.64,"43.673768,-79.391253"
fb0ff514e9bb7798f0a682f36f644b05,43.656638,-79.358749,8,11,Sumach St  / Queen St E,42.11,"43.656638,-79.358749"
c835abf1540e63c50d5a879e5075387e,43.684261,-79.299332,6,14,Gerrard St E / Main St,30.0,"43.684261,-79.299332"
32b476b39dacc23dda545c39ffb549cc,43.678685,-79.297974,3,9,Southwood Dr / Kingston Rd - SMART,25.0,"43.678685,-79.297974"
de5dcf1ee9ccff065e01b4516b46f190,43.65143,-79.47779,8,5,Neil McLellan Park,61.54,"43.65143,-79.47779"
8aa5c061e4ae37e2e05b05d04afadc2e,43.64976,-79.48477,12,3,Jane St / Bloor St W (Jane Subway Station),80.0,"43.64976,-79.48477"
5f6ec96dda864a01fdf0c031b6a1b6d0,43.664182,-79.449066,4,15,Antler St / Campbell Ave - SMART,21.05,"43.664182,-79.449066"
4a5734eee8c1c49197ffe9b992dd032a,43.64407,-79.3929,14,9,Clarence Square,60.87,"43.64407,-79.3929"
41466727730d71a0286376ef3675d282,43.6442,-79.38702,12,13,Front St W / Simcoe St,48.0,"43.6442,-79.38702"
213541646a587196b1acb812a3d0a8ad,43.64283,-79.38409,10,1,Lower Simcoe St / Bremner Blvd,90.91,"43.64283,-79.38409"
1a68bd75d5159c7cc33367b97ee8ab8e,43.65182,-79.47421,6,11,Glendonwynne Rd / Bloor St W,35.29,"43.65182,-79.47421"
1dd10befe3fa0d7d7ebc657b9a01942b,43.685569,-79.408019,6,11,Russell Hill Rd / St Clair Ave W,35.29,"43.685569,-79.408019"
41ead9c9a4a83459161794bfb1894c07,43.651678,-79.375233,4,12,Church St / Lombard St,25.0,"43.651678,-79.375233"
888212c5d33ceed5acbab77b4e544689,43.651838,-79.378743,12,5,Richmond St E / Yonge St,70.59,"43.651838,-79.378743"
189995604737e19f1b76cd3a3ff3aff9,43.665221,-79.394009,6,14,Queen's Park Cres W / Hoskin Ave,30.0,"43.665221,-79.394009"
fe268f3f2f439d0016dc46605491078e,43.688148,-79.362101,11,2,Pottery Rd / Lower Don River Trail,84.62,"43.688148,-79.362101"
70ad303e74f93aa2bfaea256b9b09753,43.669232,-79.374495,2,18,Bleecker St / St James Ave,10.0,"43.669232,-79.374495"
a7cdbedefded6e117505bde22c24ef84,43.640075,-79.414156,6,25,Western Battery Rd / Pirandello St,19.35,"43.640075,-79.414156"
fbcb8f44813b5f7eba282691176d9249,43.678285,-79.347346,6,9,Carlaw Ave / Danforth Ave,40.0,"43.678285,-79.347346"
280ce4cfc4b101f3a8a08843e4a258d6,43.697139,-79.31469,3,12,Cosburn Ave / Cedarvale Ave,20.0,"43.697139,-79.31469"
9d4f1f5d63ed3e297fc737908616f617,43.694826,-79.295208,4,14,Goodwood Park Crt / Dentonia Park,22.22,"43.694826,-79.295208"
0729b25bcf663b7a2278f01d63b50fcf,43.673118,-79.318651,16,3,Eastwood Rd / Coxwell Ave,84.21,"43.673118,-79.318651"
27e30ff4939a3992db39e99af9dfe172,43.689293,-79.295895,0,23,Trent Ave / Danforth Ave,0.0,"43.689293,-79.295895"
675628c054189e3bce23785d6574a24d,43.66908,-79.3149,14,5,Orchard Park,73.68,"43.66908,-79.3149"
32915794131e41a355ebee1ab9ad78fb,43.66073,-79.47149,1,18,Clendenan Ave / Rowland St - SMART,5.26,"43.66073,-79.47149"
738cf12a45b36f443d7585aa9d55e3a9,43.66189,-79.42679,3,11,Concord Ave / Bloor St W,21.43,"43.66189,-79.42679"
1f5bb4fff3139fff3f927f1a4980dc1e,43.65389,-79.4675,7,10,Gothic Ave / Quebec Ave,41.18,"43.65389,-79.4675"
3df6faa6bc73f93a672aa3e3004434f0,43.68114,-79.4277,0,10,Rushton Rd / St Clair Ave W,0.0,"43.68114,-79.4277"
8ab6f991fa3032ee2a20b1d34d50be01,43.663148,-79.347938,12,3,Dundas St E / Boulton Ave - SMART,80.0,"43.663148,-79.347938"
236729e04a979069b035a3070e608f6e,43.669813,-79.3335,20,3,Gerrard St E / Leslie St,86.96,"43.669813,-79.3335"
2800c972b83e435cecefcdb95078e435,43.633537,-79.437461,11,16,Marilyn Bell Park Tennis Court,40.74,"43.633537,-79.437461"
2c32c6a2dbfb666ee51150ce15e1b9a5,43.63632,-79.47307,15,7,The Queensway at South Kingsway,68.18,"43.63632,-79.47307"
9fa8f250a5b887af9cda8df6931f2eca,43.697819,-79.38786,2,18,Merton St / Mount Pleasant Rd,10.0,"43.697819,-79.38786"
c9395d274aa197587eb89f34e68e262a,43.638426,-79.429142,1,14,Tyndall Ave / King St W - SMART,6.67,"43.638426,-79.429142"
a3eb9012fe995bffeef3b7d02cfffbd1,43.65988,-79.38279,2,21,College Park - Yonge St Entrance,8.7,"43.65988,-79.38279"
7c6f64117f740f5dc9114ebfb26a6247,43.66842,-79.410585,4,24,Barton Ave / Howland Ave - SMART,14.29,"43.66842,-79.410585"
d1bac3c8125c67909fa2e4a3cdf6b409,43.66402,-79.46418,2,13,Keele St / Annette St,13.33,"43.66402,-79.46418"
e7384509a60160b8e84403a3247255a5,43.66686,-79.46526,3,19,Keele St / Vine Ave,13.64,"43.66686,-79.46526"
56ff366ef56862dc34e4df414568d4b0,43.671278,-79.372127,6,13,Howard St / Rose Ave,31.58,"43.671278,-79.372127"
940aa4a33247df5ea989d1b07e125e5d,43.635023,-79.399505,13,6,Little Norway Park,68.42,"43.635023,-79.399505"
ef9dfe14fccf2237630ed9002c48fc3b,43.70547,-79.40355,9,10,Lascelles Blvd / Eglinton Ave W,47.37,"43.70547,-79.40355"
93727b82ed700768aa9695d49140f6b3,43.641675,-79.354006,7,15,Polson Pier,31.82,"43.641675,-79.354006"
f84773b4dcedcaea20de2c7e324d8c90,43.694341,-79.291416,2,20,Dentonia Park,9.09,"43.694341,-79.291416"
3d13e32b7336dbe2c6b2190df3ba8600,43.64422,-79.36927,2,13,Lower Jarvis St / Queens Quay E,13.33,"43.64422,-79.36927"
009f180cf35ae1285733d98ccf058313,43.685924,-79.376304,0,11,Summerhill Ave / Maclennan Ave,0.0,"43.685924,-79.376304"
c452eea1e95d474e6f1b7ea545e79d1b,43.645215,-79.364898,14,8,Queens Quay E / Lower Sherbourne St,63.64,"43.645215,-79.364898"
1fe6812cc638f0e5080113daa9a7d77a,43.646677,-79.442741,8,10,Wright Ave / Sorauren Ave - SMART,44.44,"43.646677,-79.442741"
b4462a2daef20c76a3ff7c53326f10e4,43.63855,-79.46693,5,13,Ellis Ave / The Queensway,27.78,"43.63855,-79.46693"
1e83030210b6666f3fe29bade92f1181,43.645599,-79.4657123,2,6,High Park - Grenadier Cafe,25.0,"43.645599,-79.465712"
c102428e69ec84dd803fd2f51b8cfc83,43.674923,-79.430465,1,9,Winona Dr / Davenport Rd,10.0,"43.674923,-79.430465"
68185cf4a510f34c7dd396bb2fb7549a,43.684758,-79.316767,2,9,Danforth Ave / Aldridge Ave,18.18,"43.684758,-79.316767"
deb6cce4318ac072f72c4988efd9dbdf,43.66663,-79.38148,19,20,Dundonald St / Church St,48.72,"43.66663,-79.38148"
7f15a95a0104437a73d574be76cb4158,43.685221,-79.294766,1,17,Gerrard St E / Malvern Ave - SMART,5.56,"43.685221,-79.294766"
263344f0b04caa421826eceaadd15697,43.635492,-79.398253,21,11,Bathurst St/Queens Quay(Billy Bishop Airport),65.62,"43.635492,-79.398253"
624be8411d63932754479f0b710eaa97,43.63951,-79.383717,13,1,Queens Quay W / Lower Simcoe St,92.86,"43.63951,-79.383717"
26c9984a5ec1ea1e7edb7fafa8d1e6f7,43.6417852,-79.4131148,6,16,King St W / Crawford St,27.27,"43.641785,-79.413115"
d52672d5cddbb77befa3d5d448fc2534,43.655766,-79.3802,20,10,Yonge St / Dundas Sq,66.67,"43.655766,-79.3802"
735f71a11ab473f25860d7366582a5fa,43.680466,-79.432522,0,10,St Clair Ave W / Winona Dr,0.0,"43.680466,-79.432522"
6f5d2f1ea5a0702ceb169480117ac9fd,43.664088,-79.387095,38,13,Bay St / Wellesley St W,74.51,"43.664088,-79.387095"
9c5267129912b44d3d8c91094256f1e2,43.65917,-79.46997,2,18,Humberside Grounds - SMART,10.0,"43.65917,-79.46997"
22cedcbf1b4580a7995f4e15843bd2ef,43.671535,-79.379173,2,16,Bloor St E / Huntley St - SMART,11.11,"43.671535,-79.379173"
ed02403ba3e67b969a9d5e10742b7d5b,43.646734,-79.38301,6,15,York St / Wellington St W (1) ,28.57,"43.646734,-79.38301"
aeeb1fa2ea65f1492a523f0477de71d7,43.6662942,-79.4066433,0,10,Dalton Rd / Bloor St W,0.0,"43.666294,-79.406643"
a249bee44425dc2b5c2f384a00a59f33,43.675278,-79.423889,12,14,Davenport Rd / Christie St,46.15,"43.675278,-79.423889"
24de23035684fccb1f588c7161489075,43.648928,-79.378623,8,2,King St W / Jordan St,80.0,"43.648928,-79.378623"
aa101867125c9cc13920e34d881f86b2,43.715951,-79.351246,2,23,E.T. Seton Park (Eglinton Ave E / Leslie St),8.0,"43.715951,-79.351246"
6cdafdc1db0f73b22c3fd462fd984805,43.665645,-79.304711,20,6,Woodbine Ave / Lake Shore Blvd E,76.92,"43.665645,-79.304711"
1d827726987d707bbcd5562e02416b0e,43.645572,-79.39399,0,20,King St W / Charlotte St,0.0,"43.645572,-79.39399"
08d867cbed5f08addb01b714700eacf7,43.652777,-79.372637,6,12,Jarvis St / Richmond St E,33.33,"43.652777,-79.372637"
2d9b09d13ca6695d876ff08853469a24,43.665538,-79.451263,0,14,Symington Ave / Dupont St,0.0,"43.665538,-79.451263"
c9624aaf955b7fb236dcf2c8443c8fe9,43.650325,-79.372287,9,15,King St E / Jarvis St,37.5,"43.650325,-79.372287"
2d1d89a437dbc32634ba928744831860,43.66943,-79.38915,11,2,Bay St / Bloor St W (East Side),84.62,"43.66943,-79.38915"
179e575503c062aa31a47c6f67d492da,43.669244,-79.3894,8,9,Bay St / Bloor St W (West Side),47.06,"43.669244,-79.3894"
ffc954e6f4228f59169c040483ebcc3a,43.683351,-79.41562,7,8,Wells Hill Ave / St Clair Ave W,46.67,"43.683351,-79.41562"
41b880ed1fe29761e25d4e3a492b563d,43.6574766,-79.373446,1,22,Dundas St E / George St,4.35,"43.657477,-79.373446"
c209afb99ac56fcd8f423e9365621ee7,43.636611,-79.400042,17,4,Fleet St / Bathurst St,80.95,"43.636611,-79.400042"
7f5ae543870ee8917aaa5022234c5e0b,43.646552,-79.406468,6,3,Tecumseth St / Queen St W - SMART,66.67,"43.646552,-79.406468"
d00c14c6cffc4b0fb30239ec2410232c,43.713524,-79.400162,4,12,Briar Hill Ave / Yonge St - SMART,25.0,"43.713524,-79.400162"
9c2e322a9d2bd1035e3f607f96152a98,43.65003919999999,-79.3733541,3,11,King St E / Church St,21.43,"43.650039,-79.373354"
03cb067499bb9bc86cf0c884edb403bc,43.663376,-79.392125,1,17,Wellesley St W / Queen's Park Cres,5.56,"43.663376,-79.392125"
2f10b834460965288d419163586f3f89,43.65995,-79.38964,12,5,University Ave / College St (East),70.59,"43.65995,-79.38964"
1ac23b3d20ad003acf2f9b1f8a2f2f0b,43.6146692,-79.4873148,14,3,Superior Ave / Lake Shore Blvd W,82.35,"43.614669,-79.487315"
50d8ed93a01d05c04298300fe52b5ac7,43.63771,-79.458173,20,6,Lake Shore Blvd W / Colborne Lodge Dr,76.92,"43.63771,-79.458173"
f897c08ea341fc832b7ca756cb0982ae,43.6390437,-79.4760109,10,13,Ripley Ave / Ormskirk Ave,43.48,"43.639044,-79.476011"
0ebd7e4e7c35126cda830c1c67bb3241,43.6486599,-79.4376413,11,4,St Clarens Ave / Shirley St,73.33,"43.64866,-79.437641"
f926e2b4fe4ff841a24b2ac4962e62bd,43.6702236,-79.4360232,3,18,Bartlett Parkette,14.29,"43.670224,-79.436023"
791f66f190e1848c7eeeaf8b937e304f,43.6752732,-79.3778458,2,14,Sherbourne St N / Elm Ave,12.5,"43.675273,-79.377846"
068f5330e49bd7236864c7cbf904813f,43.645469,-79.411084,9,4,Walnut Ave / Queen St W,69.23,"43.645469,-79.411084"
36c244827ed3bd3ee314ab1d2781db2a,43.6882821,-79.4253856,1,17,Vaughan Rd /Wychwood Ave,5.56,"43.688282,-79.425386"
91b75f5884eca61cded2a3da80a6dc2b,43.651603,-79.408346,3,16,Palmerston Ave / Dundas St W,15.79,"43.651603,-79.408346"
e6151e077a7d8141f6ae96e6223d12e9,43.670206,-79.402643,1,18,541 Huron St - SMART,5.26,"43.670206,-79.402643"
03b565f085260e768988cd216fbeeef4,43.661559,-79.413845,3,11,Euclid Ave / Herrick St - SMART,21.43,"43.661559,-79.413845"
34a94fc072487f4615b041d2b7a6c659,43.6560758,-79.393259,2,13,Baldwin St / Henry St,13.33,"43.656076,-79.393259"
2b2e280f715656fb630b59ec9a6d1e0c,43.6580442,-79.3927404,1,13,Orde St / McCaul St,7.14,"43.658044,-79.39274"
026bf7c2104a659ef0392f1c22bc6e17,43.6568254,-79.3966159,2,15,Ross St / Cecil St - SMART,11.76,"43.656825,-79.396616"
b7461d8effda846e2f78dfbee059c433,43.5927419,-79.54033009999999,14,3,Lake Shore Blvd W / Thirty Ninth Street,82.35,"43.592742,-79.54033"
f1bad47f1bca16159267c0ad3e50fb1a,43.597082,-79.522768,12,5,Lake Shore Blvd W / Twenty Fourth St,70.59,"43.597082,-79.522768"
4d9f7ef78ba9859e04d259c1567d1d61,43.6171635,-79.4971065,15,16,Windsor St / Newcastle St,48.39,"43.617164,-79.497106"
1d5a56319adf364532940f86be71ce4b,43.612063,-79.496573,8,11,Royal York Rd / Mimico Ave,42.11,"43.612063,-79.496573"
0deaf45500eb93eeacff86adaafeb180,43.63732,-79.489083,9,9,Berry Rd / Bell Manor Dr,50.0,"43.63732,-79.489083"
4e5712234feb60f46fff461ab136e147,43.5961692,-79.5160575,17,8,Humber College (Lakeshore Campus),68.0,"43.596169,-79.516058"
8b49ce875b451df6dbe4fb4667acb3bd,43.613606,-79.4883535,21,3,Amos Waites Park,87.5,"43.613606,-79.488354"
d9d0c97c8f65e3fb4ebcd464a11f5522,43.664665,-79.489385,0,23,Priscilla Ave / Dundas St W,0.0,"43.664665,-79.489385"
27b5be1cbbce21764b224e820c7f888c,43.665523,-79.484892,1,22,Durie St / Dundas St W,4.35,"43.665523,-79.484892"
600672c7f313e01de8bab00cbee9e7f4,43.668496,-79.485426,3,16,St Clair Ave W / Castleton Ave,15.79,"43.668496,-79.485426"
50dc0fcbc5a62a2cc676ada21ede905c,43.698841,-79.519472,0,25,Weston Lions Park,0.0,"43.698841,-79.519472"
6d6c301acbd12264042475dfd0e0e1e3,43.658574,-79.487246,2,12,Annette St / Jane St,14.29,"43.658574,-79.487246"
1e5bc0c0a2797265956ee948d6dcd49d,43.63985,-79.43703,12,12,Jameson Ave / Queen St W,50.0,"43.63985,-79.43703"
e933ad7ff4aae2c390d9f79c1043d657,43.665076,-79.341509,1,13,Carlaw Ave / Dundas St E,7.14,"43.665076,-79.341509"
c1704a7eebf0bff8016166d14fe130bd,43.6323994,-79.40978179999999,4,40,Toronto Inukshuk Park,9.09,"43.632399,-79.409782"
5bed66406f7431f8d4d8542d107225ea,43.6935477,-79.3301658,5,10,Cosburn Ave / Durant Ave,33.33,"43.693548,-79.330166"
124ed44b13876f8019e356d76ba645ee,43.6438036,-79.4770327,2,13,Swansea Community Centre,13.33,"43.643804,-79.477033"
12481528bb8d296c8bc4014306f36afd,43.65246,-79.413528,3,16,Bellwoods Ave / Treford Pl - SMART,15.79,"43.65246,-79.413528"
5282337e262f025cee74afaf2659b223,43.6548521,-79.35397680000001,1,11,Bayview Ave / Lawren Harris Square,8.33,"43.654852,-79.353977"
125e730a6da5714af8567ae352485337,43.630874,-79.482407,11,8,The Queensway / High St,57.89,"43.630874,-79.482407"
0b153cb4fe7873b109e3068cf99dbf74,43.6704403,-79.45328549999999,4,11,Symington Ave / Davenport Rd,26.67,"43.67044,-79.453286"
fb3867774f8ac943a838fb13a41bd1b6,43.6535,-79.354068,3,18,Front St E / Bayview Avenue,14.29,"43.6535,-79.354068"
8c4531a1d91e5583aff9759a5aedb46d,43.6617908,-79.361515,10,16,Oak St / Sumach St,38.46,"43.661791,-79.361515"
4bb6659976fc4aaf5a141c488a405a00,43.666051,-79.374161,13,33,439 Sherbourne St,28.26,"43.666051,-79.374161"
f04359bb2878aa6d672474276e5017e4,43.7005976,-79.397345,1,17,Glebe Rd W / Yonge St,5.56,"43.700598,-79.397345"
9447917367c25ac832d404c1a4696615,43.7029672,-79.3979073,0,14,Hillsdale Ave W / Yonge St,0.0,"43.702967,-79.397907"
0b85c7861c4c48a4cd4fe140c913da57,43.68871,-79.39264,14,5,Alvin Ave / St Clair Ave E,73.68,"43.68871,-79.39264"
f0ef11b3bf1f1a2ab5d7a556fde038f6,43.6834703,-79.5108942,2,19,Eglinton Ave W / Scarlett Rd,9.52,"43.68347,-79.510894"
e228eced48bdb1f81b6b38456fdcad39,43.7696262,-79.5025943,0,27,The Pond Rd / Sentinel Rd,0.0,"43.769626,-79.502594"
71bf1ff10731929ec44b9dcce72edba6,43.7641485,-79.5012809,1,25,Sentinel Rd / Finch Corridor Trail,3.85,"43.764148,-79.501281"
6a4d3e7625cc41d49674986b994fc5e1,43.76521,-79.491281,2,21,Finch West Subway Station,8.7,"43.76521,-79.491281"
bf413030081fe6f86c21b6412f4e4e1a,43.7724019,-79.4675395,1,17,Dufferin St / Finch Corridor Trail,5.56,"43.772402,-79.46754"
cfcbfa258711beff217aa9d929a3a3ea,43.7781116,-79.467963,9,10,G Ross Lord Park,47.37,"43.778112,-79.467963"
7a86196b811f1b13212052f5cd37e692,43.707049,-79.40966,3,20,Elwood Blvd / Avenue Rd,13.04,"43.707049,-79.40966"
2c429e9e841e213f875d2116cfab30e9,43.711751,-79.378615,8,18,Roehampton Ave / Bayview Ave,30.77,"43.711751,-79.378615"
482006b8f83e7802372448cd4dbd463d,43.732975,-79.40401,5,10,Teddington Park Ave,33.33,"43.732975,-79.40401"
b3ac9ac4dba9aff36e24ba60b6171308,43.660274,-79.398049,18,1,Ursula Franklin St / Huron St - SMART,94.74,"43.660274,-79.398049"
7978548b201c5c5ab2421bc2906bc446,43.699281,-79.318802,7,12,Woodbine Ave / O'Connor Dr,36.84,"43.699281,-79.318802"
65aefd1c1484ebd15a7827285971734e,43.696631,-79.297436,6,13,Dawes Rd / Taylor Creek Trl,31.58,"43.696631,-79.297436"
812af6af42e905fac0cafcf05146f3ba,43.6765897,-79.3163022,13,4,Fairmount Park,76.47,"43.67659,-79.316302"
165388972f43146138b4f5180eead75a,43.650745,-79.383633,6,8,Richmond St W / York St,42.86,"43.650745,-79.383633"
3b0ffacf6f626924fb61b0d6d578561a,43.720233,-79.362092,3,22,Sunnybrook Park,12.0,"43.720233,-79.362092"
3dccd3e0582902632ace3ada9481abb0,43.6926825,-79.441042,3,16,Vaughan Rd / Oakwood Ave,15.79,"43.692682,-79.441042"
cca065ea85fe108c99c68759adf859ee,43.7041957,-79.4094472,1,13,Braemar Ave / Eglinton Ave W,7.14,"43.704196,-79.409447"
e4d76b13daa3859403326b474684159d,43.5880774,-79.5432067,13,10,Marie Curtis Park,56.52,"43.588077,-79.543207"
4a491c94c9b46d3b7927b72a3bad0ab6,43.754978,-79.1971289,8,0,Guildwood GO Station (South),100.0,"43.754978,-79.197129"
0c49d15e80cceca5feb5a2bc84ddc2f5,43.6856,-79.3718,1,19,Chorley Park - SMART,5.0,"43.6856,-79.3718"
937a6d6b325ab59d5e0047f4b8eeb0ac,43.637764,-79.345359,1,42,Cherry Beach,2.33,"43.637764,-79.345359"
30c56fdec4d36ab0124297d6f0101490,43.6629228,-79.4018451,3,31,Spadina Ave / Harbord St - SMART,8.82,"43.662923,-79.401845"
4a1203492305451d3154777c392532f3,43.660296,-79.397107,13,1,Ursula Franklin St / St. George St - SMART,92.86,"43.660296,-79.397107"
07c0bbd2b5c108bacb3a32250af2a076,43.7805505,-79.1301203,14,7,Rouge Hill GO Station,66.67,"43.78055,-79.13012"
a70fe5dd2fa91d6c13d66b5415e9740e,43.7777114,-79.1659711,6,12,Colonel Danforth Park,33.33,"43.777711,-79.165971"
254006acb0d0299f535d3723f656ae67,43.779353,-79.193023,5,17,Morningside Park (Highland Creek Trail),22.73,"43.779353,-79.193023"
93699b431ac46c9e98b3b1c74cda8e95,43.747854,-79.199327,8,11,Livingston Rd / Guildwood Pkwy,42.11,"43.747854,-79.199327"
a3860ef7a1996bfe83863f7086adb77b,43.7561681,-79.2026694,3,16,Livingston Rd (Highland Creek Trail),15.79,"43.756168,-79.202669"
8bd81a9fcb43f04a9b8f80996312e61e,43.6002896,-79.5108692,14,9,Twelfth St / Thirteenth St,60.87,"43.60029,-79.510869"
c5db2e6382e20bec3e404aaf7ea89ccb,43.6632257,-79.4397052,5,10,Wallace Ave / Pauline Ave,33.33,"43.663226,-79.439705"
d747893c66003f215b8502161eb40f5e,43.680095,-79.291714,6,9,Kingston Rd / Beech Ave,40.0,"43.680095,-79.291714"
0153756b9e136b96e730aaa2f048227f,43.691468,-79.288619,2,15,Victoria Park Ave / Danforth Ave,11.76,"43.691468,-79.288619"
ded51d399ed59c94c0a464202fc09fe0,43.645609,-79.380386,24,15,Union Station,61.54,"43.645609,-79.380386"
b5012608da25a66be2fe79465186ff62,43.6591666666667,-79.3855555555556,11,11,Hayter St / La Plante Ave,50.0,"43.659167,-79.385556"
033dd75f330fec10400341177c68036e,43.658777,-79.369596,12,20,Seaton St / Dundas St E - SMART,37.5,"43.658777,-79.369596"
080c6cc1f827d976fd75f9ccf53db95c,43.6625395,-79.5030161,4,9,Lundy Ave / Étienne Brûlé Park,30.77,"43.66254,-79.503016"
5f02574f10f8ec2871df512546cf6f65,43.7004017,-79.4275305,0,17,Chiltern Hill Rd / Eglinton Ave W,0.0,"43.700402,-79.42753"
3e8872d5357f08ebd702863ab04e913e,43.77953,-79.45233,1,10,Torresdale Ave / Antibes Dr,9.09,"43.77953,-79.45233"
126121fbcccd20a50c8bd94206c7d81b,43.7774374,-79.4447096,0,23,Esther Shiner Stadium,0.0,"43.777437,-79.44471"
a2e02c044b1d003adb0993f8da78ee58,43.6637403,-79.39806449999999,11,2,St. George St / Hoskin Ave,84.62,"43.66374,-79.398064"
70222e00b684e247dd3f982cfb268e2e,43.707045,-79.375437,1,11,Fleming Cres / Bayview Ave,8.33,"43.707045,-79.375437"
af8ef901117705bf69e591e81d28a15f,43.6495789,-79.3762096,12,6,King St E / Victoria St,66.67,"43.649579,-79.37621"
9ee0fa9e2c3afc338a74a6b49af02e41,43.690903,-79.4375028,7,9,Alameda Ave / Vaughan Rd - SMART,43.75,"43.690903,-79.437503"
bcf5ea04f184984e5cbd8571527636ff,43.643253094827294,-79.41230469904167,10,3,Adelaide St W / Strachan Ave,76.92,"43.643253,-79.412305"
9c10c5f861261da626f9707ada4e8e04,43.6029904,-79.4926867,13,4,Royal York Rd / Lake Shore Blvd W,76.47,"43.60299,-79.492687"
48a626ef3a6cfbbccdaea283ce5901c6,43.6596299,-79.4799176,7,8,Runnymede Rd / Annette St,46.67,"43.65963,-79.479918"
57f2fc67a917b973ca7f31a994e0c63a,43.6608333,-79.43166666666667,1,13,Salem Ave / Bloor St W,7.14,"43.660833,-79.431667"
8ef3bc5ab6805d2c5411023f4318d778,43.66083333333333,-79.43583333333333,0,21,Dufferin St / Bloor St W,0.0,"43.660833,-79.435833"
407c8fc47ef8f822af020375a4f7dc79,43.69933,-79.39199,8,10,Davisville Ave / Pailton Cres,44.44,"43.69933,-79.39199"
3afcafcea065abef8dd2beafcb78c7bd,43.6653032,-79.4701178,2,11,High Park Ave / Dundas St W,15.38,"43.665303,-79.470118"
e6588e3838b256ab32f9b7db54be5a66,43.6162721,-79.4990363,7,10,Judson St / Royal York Rd,41.18,"43.616272,-79.499036"
b29cba584424066f83f374b2c3fe1780,43.720645,-79.355474,2,25,Wilket Creek Park,7.41,"43.720645,-79.355474"
87722dd793400f7a61a96a59b9133e4f,43.6641174,-79.4588522,4,11,Annette St / Dundas St W,26.67,"43.664117,-79.458852"
d6d49f7d4ddb2cd466938a1b424c1412,43.6424558,-79.4296346,3,11,Noble St / Queen St W,21.43,"43.642456,-79.429635"
51987cd2ab0d05eeb2f79bcb596e348b,43.6954486,-79.4026176,1,18,Oriole Pkwy / Kilbarry Rd,5.26,"43.695449,-79.402618"
b20ef84c05107095581cdd50b2bb4a2c,43.6850809,-79.3149901,3,11,East Lynn Ave / Danforth Ave,21.43,"43.685081,-79.31499"
c4a01864ecb66e9b1ee3023d3205a281,43.6800218,-79.3405681,5,27,Langford Ave / Danforth Ave - SMART,15.62,"43.680022,-79.340568"
3c7236f4a281b569b57f40c0bf29c4ca,43.7842419,-79.1849889,7,9,University of Toronto Scarborough,43.75,"43.784242,-79.184989"
df0ee6e75eb32441818a11d990fa844a,43.6451308,-79.36536439999999,9,5,190 Queens Quay E,64.29,"43.645131,-79.365364"
9703f67f16a349591949e76da3714b61,43.65637299999999,-79.38781039999999,5,12,Elm St/ University Ave (East Side),29.41,"43.656373,-79.38781"
b1685246ce6cfe5b9d621a1991c3cedb,43.778015,-79.131911,13,2,Waterfront Trail (Rouge Hill),86.67,"43.778015,-79.131911"
c0538b0581a59e1e7321a382b5ab17ab,43.672079,-79.470171,1,21,St Clair Ave W / Gunns Rd,4.55,"43.672079,-79.470171"
052763ac927bce9197aa6381f508576f,43.690237,-79.350119,11,7,Pape Ave / Gamble Ave,61.11,"43.690237,-79.350119"
0faf9e7c7d5403b8f7dc7574fa6d0c6e,43.70942,-79.39139,1,15,Roehampton Ave / Mount Pleasant Rd,6.25,"43.70942,-79.39139"
f3aa2a6bb24e5012b030c6810cf39964,43.671389,-79.382919,1,11,Church St / Bloor St E,8.33,"43.671389,-79.382919"
6fcf6974fe1a08b20ab7f70d70da6cb0,43.671561,-79.38117,6,16,200 Bloor St E,27.27,"43.671561,-79.38117"
fb2618cee3456166ccc52c3ceeae13c6,43.693256,-79.383238,0,15,Moore Park,0.0,"43.693256,-79.383238"
e473bffc39f79fdd42e27583ccbe0709,43.65412449999999,-79.4636388,1,5,Bloor St W / Pacific Ave,16.67,"43.654124,-79.463639"
3d71c9ff5bcbaad794a49115e11786e3,43.680207,-79.339243,3,12,Danforth Ave / Dewhurst Blvd,20.0,"43.680207,-79.339243"
fea3f9dfbcc18225728f10913c5d3d5b,43.6589882,-79.438715,0,8,Bloor St W / Brock Ave,0.0,"43.658988,-79.438715"
f3a880cb5277285662d2d68f5523488d,43.6741219,-79.4352208,1,14,Davenport Rd / Dovercourt Rd - SMART,6.67,"43.674122,-79.435221"
844d02b2b7dfdabf7bd044c3edf050d5,43.6469928,-79.3706665,3,11,1 Market St - SMART,21.43,"43.646993,-79.370666"
3d38244751d3c44617f0066466a3bc7d,43.683884,-79.36647,11,10,Brick Works,52.38,"43.683884,-79.36647"
2b4c28b78247a24037bcff2ad8fcc605,43.6477785,-79.3847928,11,12,University Ave / King St W - SMART,47.83,"43.647778,-79.384793"
9d7e8386839f9d834777d1cf0a8482c1,43.6856128,-79.31168269999999,6,13,Amroth Ave / Danforth Ave,31.58,"43.685613,-79.311683"
10722d0c5054c529a0d71f9eb2c89f92,43.681944,-79.390556,2,8,Summerhill Subway Station,20.0,"43.681944,-79.390556"
b1c628d5509021c582f104bc3089e514,43.6393107,-79.4408141,5,13,Beaty Ave / Queen St W,27.78,"43.639311,-79.440814"
f889b35bb8077eaa77f35bed4d524e89,43.68306889999999,-79.279682,2,20,Blantyre Park,9.09,"43.683069,-79.279682"
7e8db6cca9980f9b6daf293197f25fc4,43.6626628,-79.3323698,0,15,Queen St E / Rushbrooke Ave,0.0,"43.662663,-79.33237"
34ec939e3772ab6f8f9be4ae0c98f3a2,43.681114,-79.3373885,3,12,Donlands Subway Station,20.0,"43.681114,-79.337388"
1cc9575bb686fa4a3eb7f4afbdea5073,43.638925,-79.4168659,5,8,Lynn Williams St / East Liberty St - SMART,38.46,"43.638925,-79.416866"
cf43a77e34066db8b926a42b49814963,43.676216,-79.309395,5,9,Eastwood Rd / Woodbine Ave - SMART,35.71,"43.676216,-79.309395"
48f8a355073b35f8720761c96f77d86b,43.656633,-79.379625,21,17,285 Victoria St,55.26,"43.656633,-79.379625"
c147f315755b1b1e79467fab3aaf3cb4,43.686962,-79.286864,12,4,Gerrard St E / Victoria Park Ave - SMART,75.0,"43.686962,-79.286864"
199a939521be6324c802d8d50ebeb4a8,43.718039,-79.371914,6,11,Kilgour Rd / Rumsey Rd,35.29,"43.718039,-79.371914"
04cadbe0f9b27f89f5fa6f6dbdea0883,43.672152,-79.39018,4,9,Bay St / Scollard St,30.77,"43.672152,-79.39018"
be90e51f9b29e31ae1d40a8dea028dcf,43.673019,-79.467994,7,12,Weston Rd / St Clair Ave W - SMART,36.84,"43.673019,-79.467994"
4704fb679220b3879edfa3a853d55fbd,43.72268,-79.37644,5,9,Sunnybrook Health Centre - L Wing,35.71,"43.72268,-79.37644"
8e40f60a48a909297b4114be18956d5c,43.6504218,-79.4407647,9,17,Dundas St W / St Helen's Ave - SMART,34.62,"43.650422,-79.440765"
2ad52acd0c231c654b488e03060224f2,43.68850459999999,-79.3940052,14,4,Yonge St / St Clair Ave,77.78,"43.688505,-79.394005"
1a0670e4e55fe4259c105c6803651334,43.641705,-79.393295,28,1,Spadina Ave / Blue Jays Way,96.55,"43.641705,-79.393295"
9d145fd59618d68dab06dba1c8900fe9,43.647663,-79.487583,2,19,Bloor St W / Riverside Dr,9.52,"43.647663,-79.487583"
ea3315c38d0d6b79d5e38457850a1cfc,43.720998,-79.377456,5,6,Sunnybrook Health Centre - S Wing,45.45,"43.720998,-79.377456"
238f97722fa9fb7a59373178433ee0bb,43.652327224103,-79.3882538196087,3,15,Simcoe St / Michael Sweet Ave,16.67,"43.652327,-79.388254"
bac1dcd28fcdff0438987edfef742154,43.6438602,-79.4227573,8,2,Queen St W / Dovercourt Rd,80.0,"43.64386,-79.422757"
b5473ba8329a31e18dfbc5067cf61369,43.64920406876699,-79.49336334201408,5,21,King's Mill Park,19.23,"43.649204,-79.493363"
2a56ebfe680276d40a591ef322457f70,43.6399714,-79.39940399999999,11,4,135 Queens Wharf Rd - SMART,73.33,"43.639971,-79.399404"
fc6389e5eba6c99ed3c0185b65c9cb5c,43.68827060022711,-79.43937767081853,3,16,406 Oakwood Ave,15.79,"43.688271,-79.439378"
3681db49ef2d337bfb035ab1ac33e2c2,43.6614605,-79.37894570000002,3,20,Granby St / Church St - SMART,13.04,"43.66146,-79.378946"
d10b85cd917407519f2491252a022a01,43.69413548199171,-79.30058718775287,11,9,Lumsden Ave / Eastdale Ave,55.0,"43.694135,-79.300587"
2cf04264d349d318f68193444d9c5ad0,43.7254665,-79.40115449999999,0,23,Yonge St / Lawrence Ave E,0.0,"43.725466,-79.401154"
b63112d639d75af6c2e5481df147cf77,43.7083577,-79.39886200000001,18,14,Yonge St / Orchard View Blvd,56.25,"43.708358,-79.398862"
7398115d8ae10074445ef787822317dd,43.7027268,-79.33368089999999,6,12,Lower Don River Trail and Taylor Creek Trail,33.33,"43.702727,-79.333681"
3941abb3cf0f4b0fed316e0a2ed7452f,43.70567,-79.310554,1,17,St Columba Pl / St Clair Ave E,5.56,"43.70567,-79.310554"
9eb5acc897b27515ad12ee8fade63062,43.635,-79.4088888888889,1,17,Strachan Ave / Princes' Blvd,5.56,"43.635,-79.408889"
8b5819a5a6fb1ea79521a607ebb0a5ab,43.65678478285314,-79.35627385059036,0,14,King St E / River St,0.0,"43.656785,-79.356274"
bc0aa12455a97e86cf1be415300027db,43.732016,-79.403637,1,14,Yonge St / Golfdale Rd,6.67,"43.732016,-79.403637"
685abb6b7df0fc0b474505ef5e2663fe,43.67468857448634,-79.36701962396272,3,14,640 Bloor Street E,17.65,"43.674689,-79.36702"
2fe7046cdd8cc701a2240f52b9e8555f,43.72736548824631,-79.3814254607724,0,15,York University (Glendon Campus) - SMART,0.0,"43.727365,-79.381425"
37b4b6822fe05d33d64c2a174a23a4ee,43.6846177,-79.39245919999999,6,10,1303 Yonge St - SMART,37.5,"43.684618,-79.392459"
db63343ae1e174637ed6eba3912c4440,43.77345,-79.5002,0,16,York University Station (South) - SMART,0.0,"43.77345,-79.5002"
ef56a1cd06ce475b3420570afbced3fa,43.686442,-79.313404,6,8,Woodbine Subway Station,42.86,"43.686442,-79.313404"
e5f767772c705d8231b6b198de4aa458,43.66402799999999,-79.40297869999999,4,28,Spadina Ave / Sussex Ave - SMART,12.5,"43.664028,-79.402979"
fc7fa6476f3fce587eeb9e2200faa005,43.65049,-79.3873,0,38,Simcoe St / Queen St W,0.0,"43.65049,-79.3873"
a93e2f7df07b08d45c3ae0a1502c184c,43.64134790000001,-79.4013882,26,7,Bathurst St / Front St W,78.79,"43.641348,-79.401388"
ca19ceffb308e52cc30e908f7dd57475,43.64215,-79.377,10,11,Bay St / Harbour St (East),47.62,"43.64215,-79.377"
b64e9d0701f0c67b654468e6bfdba32a,43.6392777,-79.4115736,6,13,East Liberty St / Western Battery Rd,31.58,"43.639278,-79.411574"
5e955f1219b3ebaf906b808073da5e1e,43.645102,-79.39744979999999,11,10,King St W / Brant St,52.38,"43.645102,-79.39745"
3a6af188aaae40c51d6ec8d22cd104d2,43.6602021,-79.4342726,3,7,Bloor St W / Gladstone Ave - SMART,30.0,"43.660202,-79.434273"
3ffc414d28a17036998674a120f66c6f,43.637381,-79.406112,1,12,Fort York Blvd / Garrison Rd,7.69,"43.637381,-79.406112"
32444ff0455dc908ae997a28379ebe7d,43.63811,-79.397877,9,16,Housey St / Dan Leckie Way,36.0,"43.63811,-79.397877"
bf59891d338ebdd311b6d839cdde77b8,43.64957,-79.432446,4,10,1525 Dundas St W,28.57,"43.64957,-79.432446"
32b49dd6da901eac98ec2028f4447d71,43.6700692,-79.2971326,22,0,85 Lee Ave,100.0,"43.670069,-79.297133"
a5836251279be7a7699855d904f4ddf0,43.6559476,-79.37558829999999,0,19,Mutual St / Shuter St (Arena Gardens),0.0,"43.655948,-79.375588"
010507feed5b8d87c40cd95933ed5654,43.6677628,-79.30811709999999,13,6,Queen St E / Joseph Duggan Rd,68.42,"43.667763,-79.308117"
941a4749a64f58b21da983a2c679ee40,43.6750806,-79.3068697,5,14,Heyworth Cres / Kingston Rd,26.32,"43.675081,-79.30687"
d9103bade315662e56fbbc902b342ee6,43.6754247,-79.4547813,1,13,St Clair Ave W / Caledonia Rd,7.14,"43.675425,-79.454781"
e7c767f3a1e8dcb9a41229a68b69eaad,43.6409957,-79.40966630000001,1,20,Wellington St W / Stafford St,4.76,"43.640996,-79.409666"
a7060ce11ef209bd9f6905ab5bd50a34,43.6593483,-79.34993659999999,8,4,111 Broadview Ave,66.67,"43.659348,-79.349937"
947c5660ee75d790b7db219013ea64e7,43.67168,-79.421192,3,15,Christie St / Dupont St,16.67,"43.67168,-79.421192"
b59204ea6e3eaa8ade44469b0cd3703e,43.652634,-79.374222,10,1,Richmond St E / Jarvis St Green P,90.91,"43.652634,-79.374222"
b01afd080bfe7a9ae061756b868ef9f0,43.6613642,-79.3641171,13,3,Oak St / Sackville St,81.25,"43.661364,-79.364117"
4c1ee1ccabcd1c9eaca449e5b3bbbb6f,43.6808774,-79.3304491,4,15,24 Mountjoy Ave,21.05,"43.680877,-79.330449"
d2505c265a6e749d5d2be70c140f029d,43.6623658,-79.3413344,8,11,Colgate Ave / Carlaw Ave,42.11,"43.662366,-79.341334"
a2f8dc99e24a4f75d8d8f3f98efbc535,43.6791345,-79.3263159,11,15,Felstead Ave/Gillard Ave (Monarch Park),42.31,"43.679134,-79.326316"
290fef611ea995910eb2d8e6dee93350,43.6478206,-79.3704721,11,3,Lower Jarvis St / The Esplanade,78.57,"43.647821,-79.370472"
edbbbbc2b0bd5c8322b6395633ce610c,43.6868681,-79.3110942,12,11,101 Cedarvale Ave,52.17,"43.686868,-79.311094"
61b868926458c2406053b0bf2f81dcd6,43.678177,-79.435364,0,14,St Clair Ave W / Oakwood Ave,0.0,"43.678177,-79.435364"
804d113fb2dbc6b44947189e9e8bff7d,43.6962302,-79.39504339999999,3,19,Beltline Trail / Yonge St,13.64,"43.69623,-79.395043"
7a271c4cbc993e06ac677f78d5b6ba4b,43.667076,-79.425116,0,14,Shaw St / Essex St - SMART,0.0,"43.667076,-79.425116"
d24c01668df7f8e972f3e5980bf1fc6e,43.68005,-79.43469,0,14,St Clair Ave W / Robina Ave,0.0,"43.68005,-79.43469"
a76d410d56c1dadfbc8960683df209e2,43.675648,-79.4527619,2,17,Joseph J Piccininni Community Centre,10.53,"43.675648,-79.452762"
910e92b9e361308bb305c6780fce822f,43.6677246,-79.4041365,12,1,11 Spadina Rd,92.31,"43.667725,-79.404136"
56275b952451bea6cdc0a9e666ea363f,43.648437,-79.39838,2,7,Vanauley St / Queen St W - SMART,22.22,"43.648437,-79.39838"
2904c293698dc248004b5f43e1a28f80,43.6673,-79.374,2,25,Sherbourne St / Wellesley St E,7.41,"43.6673,-79.374"
2e6dd23e4dee03087c5e80f76cda5519,43.6517925,-79.38269509999999,9,10,Queen St W / Bay St (City Hall),47.37,"43.651792,-79.382695"
90753b36d53f9713816264fff0eb5cba,43.6372958,-79.4423237,12,6,King St W / Wilson Park Blvd,66.67,"43.637296,-79.442324"
19997314e5dc85c591c39255f1081992,43.6554793,-79.4302462,4,11,Havelock St / Dewson St,26.67,"43.655479,-79.430246"
e28bec2cacb249601ba4e3da8ce10aa3,43.686352,-79.415894,1,21,St Clair West Subway Station - Heath Entrance,4.55,"43.686352,-79.415894"
e15764d43dae2febba437044f0b41c0d,43.6442457,-79.41610440000001,9,13,Queen St W / Shaw St,40.91,"43.644246,-79.416104"
02d90c8ede19da66083e0d0e14d17258,43.7741,-79.5005,3,12,York University Station (North),20.0,"43.7741,-79.5005"
70f4c2f125f887140a39865c643b83e1,43.683979,-79.410657,8,7,Spadina Rd / St.Clair Ave West,53.33,"43.683979,-79.410657"
a73d255f1af70c61f91b4bbf216054ec,43.6472019,-79.3953394,0,15,Spadina Ave / Adelaide St W,0.0,"43.647202,-79.395339"
d6bc7298aa11006015119e2e237ce83d,43.6513927,-79.35794659999999,6,7,Cherry St / Mill St,46.15,"43.651393,-79.357947"
a385b32a5f6b3de23ce3def7f59ecbc1,43.6647688,-79.3772602,6,10,Jarvis St / Maitland Pl,37.5,"43.664769,-79.37726"
89a0071a8f7f69a70263dd5c0d9d64f5,43.6585504,-79.4497659,0,19,Randolph Ave / Perth Ave,0.0,"43.65855,-79.449766"
0ec6c1acd2e8975a5a2d5ddfe6028115,43.6484201,-79.40051919999999,2,24,Wolseley St / Augusta Ave,7.69,"43.64842,-79.400519"
a3246dc710b72e282aabc15520392d98,43.693187,-79.314283,4,7,Lumsden Ave / Cedarvale Ave,36.36,"43.693187,-79.314283"
e8fa9e1f75a6a3e6795f420149665538,43.6425791,-79.40011729999999,1,10,Niagara St / Portland St,9.09,"43.642579,-79.400117"
eec8016afd7a2c9574726724fc5bbab9,43.6463574,-79.391206,1,8,Widmer St / King St W,11.11,"43.646357,-79.391206"
f01e7413a6af4607ca80257160d89ae6,43.6682342,-79.3702641,2,12,Wellesley St E / Parliament St,14.29,"43.668234,-79.370264"
90fadd5570633a9503c556d49fcd59b8,43.6791876,-79.39071899999999,5,10,Yonge St / Macpherson Ave,33.33,"43.679188,-79.390719"
2e3ac17daffcf4eac85216832f31a3b5,43.674446,-79.398331,7,8,Davenport Rd / Bedford Rd,46.67,"43.674446,-79.398331"
15b272ca422dbbafeb002f3a84d15436,43.6658804,-79.38761010000002,10,9,St. Joseph St / Bay St - SMART,52.63,"43.66588,-79.38761"
9144e4fe1b004cd29d1f4a056a3542fc,43.68035,-79.28357,1,14,Victoria Park Ave / Kingston Rd,6.67,"43.68035,-79.28357"
328543a3291fd54d24971108f96bb053,43.6535052,-79.3667689,0,17,Ontario St / Adelaide St E -SMART,0.0,"43.653505,-79.366769"
6140f3635573c8910f854df84e633837,43.70241858146351,-79.2563167072858,6,8,Highview Ave / Kennedy Rd,42.86,"43.702419,-79.256317"
8e671c6621816f2d0003b23c0bda5e08,43.68824135931814,-79.27046628033244,11,4,Kingston Rd / Warden Ave,73.33,"43.688241,-79.270466"
88ede41a08aa08dfee94f811a9834e1b,43.691688,-79.265027,4,11,Birchcliff Ave / Kingston Rd,26.67,"43.691688,-79.265027"
3db3e716f02f4035f98fc1f07a0fecd9,43.697490048103,-79.25655146462776,2,13,Kingston Rd / Glen Everest Rd,13.33,"43.69749,-79.256551"
a4e9775f52cd109d87faa6d5de6a395a,43.69401297794256,-79.26257204548136,9,6,Birchmount Rd / Kingston Rd,60.0,"43.694013,-79.262572"
bfa44ca6c3c167b3a804a93fc1f0ce36,43.6929478,-79.28339980000001,11,4,Pharmacy Ave / Danforth Ave,73.33,"43.692948,-79.2834"
719e676d739529c8d5da8bb89c5c8678,43.6950192,-79.27180659999999,1,12,Danforth Ave / Warden Ave,7.69,"43.695019,-79.271807"
4458cd04d9fb8c770ac4bae9d9db2d63,43.69263249999999,-79.4627536,0,19,Eglinton Ave W / Gilbert Ave,0.0,"43.692632,-79.462754"
f01ce5efb5e67f30b96994096ac1d300,43.7105975,-79.2541175,5,10,Sharpe St / Park St (Sandown Park),33.33,"43.710598,-79.254118"
237e73b6b68d9b4f9ce8dded10a8863b,43.69415,-79.45782580000001,1,18,Eglinton Ave W / Prospect Cemetery,5.26,"43.69415,-79.457826"
5d50213748a35f8c70977b69abac0ef3,43.70163,-79.44099,0,18,Marlee Ave / York Beltline Trail,0.0,"43.70163,-79.44099"
6e21dd07c568ac71711f1358b58c7f3c,43.688028,-79.460265,0,15,Bert Robinson Park,0.0,"43.688028,-79.460265"
e59ebca743500b50891c5d639a6ef349,43.68323,-79.455765,0,22,Rogers Rd / Prospect Cemetery,0.0,"43.68323,-79.455765"
3098e8839fd687446744220b13c1744e,43.69466,-79.45376999999999,2,10,Eglinton Ave W / Ennerdale Rd,16.67,"43.69466,-79.45377"
8078f553106f543301e06cb4942063c0,43.65016869999999,-79.4963345,5,12,Bloor St W / Old Mill Trl,29.41,"43.650169,-79.496334"
1b853c3b515bbb20d04729c8059f08ee,43.6492,-79.50601999999999,0,15,Wendover Rd / Bloor St W (Green P),0.0,"43.6492,-79.50602"
b97fe36c9f29990955a8b64d6be5f602,43.6897656,-79.2939525,0,15,Luttrell Ave / Danforth Ave,0.0,"43.689766,-79.293952"
e7b2879f63e9d4253fe62838b99f9b4f,43.6357643,-79.4674917,7,13,1926 Lake Shore Blvd W,35.0,"43.635764,-79.467492"
ab463b4b4fbf00bbfbe972989481ed7d,43.62369169999999,-79.4838132,5,9,36 Park Lawn Rd,35.71,"43.623692,-79.483813"
ad95eee599a96b92c9849bfa5044bba0,43.648657,-79.458111,11,3,Howard Park Ave / Parkside Dr,78.57,"43.648657,-79.458111"
501cea9e754b07ac8713b850ea9b13f2,43.671293,-79.380471,7,14,Ted Rogers Way / Bloor St E,33.33,"43.671293,-79.380471"
b1ab2925abdc520ac548b7e700077bb9,43.69932707258943,-79.4493630391668,2,13,Walter Saunders Park,13.33,"43.699327,-79.449363"
7c454a73ac552534dbda2c7e18d700f2,43.63560589999999,-79.4934616,6,9,Park Lawn Rd / Berry Rd,40.0,"43.635606,-79.493462"
d98ed5a52cd490b3cc4aa57f11510ecb,43.7611741,-79.5114452,0,19,Tobermory Dr / Finch Corridor Trail,0.0,"43.761174,-79.511445"
d18724327840a287a10b260d5b3e0b3a,43.7603624,-79.5162777,0,19,Driftwood Ave / Finch Corridor Trail,0.0,"43.760362,-79.516278"
7ef4283f9ce9f067e7127e5431d45f81,43.62313,-79.4918,21,1,Grand Avenue Park,95.45,"43.62313,-79.4918"
1c756a37352a017e82b4f3d678d00590,43.772445,-79.511912,4,11,The Pond Rd / Shoreham Dr,26.67,"43.772445,-79.511912"
cc1432c52b1e87a738180d369ed1136b,43.653359,-79.365023,7,5,Berkeley St / Adelaide St E - SMART,58.33,"43.653359,-79.365023"
a558e5fb7b283d40286ff45d4f2d1d9f,43.70643614257429,-79.25104443353288,1,10,Kingston Rd / Ridgemoor Ave,9.09,"43.706436,-79.251044"
7598cfd1da04463554587807fee08a3d,43.655972,-79.370638,14,0,Moss Park,100.0,"43.655972,-79.370638"
354bb1fec6b6bcc47b0f2632de2f270e,43.641952,-79.380723,14,3,York St / Lake Shore Blvd W,82.35,"43.641952,-79.380723"
9951452d4d7b06a7090aad89d539aee1,43.6591529,-79.3947953,7,3,College St / Henry St ,70.0,"43.659153,-79.394795"
99585d4f6ec47a797c42027b8c246d25,43.669576,-79.375961,1,17,Sherbourne St / Isabella St,5.56,"43.669576,-79.375961"
8227765aa9d7a960abddcabec4194956,43.706466,-79.29511,6,13,Victoria Park Ave / Dawes Rd,31.58,"43.706466,-79.29511"
c6970dbdfda7b8de482a4f593ed5e4f8,43.646314469245205,-79.44879407014527,13,6,Roncesvalles Ave / Fermanagh Ave,68.42,"43.646314,-79.448794"
9239e6ede8fefff4cde18784c4dd82b0,43.65222662225532,-79.32295440954084,8,21,Tommy Thompson Park (Leslie Street Spit),27.59,"43.652227,-79.322954"
42fd6840fd4d296944709870c6b07d83,43.66526761605873,-79.47502122887077,1,14,St. John's Rd / Dundas St W,6.67,"43.665268,-79.475021"
d0d1e35af38818e4f0d4ce2e983ddb67,43.66554144421798,-79.41010317605742,6,8,Albany Ave / Bloor St W,42.86,"43.665541,-79.410103"
8f1ec0b715c806c73e96db74922ca163,43.77649016265579,-79.5085364909097,0,11,Pioneer Village Subway Station,0.0,"43.77649,-79.508536"
9c273cbe285ff5d1a12e3736a77fa9df,43.65351799690878,-79.38591063795928,6,6,Armoury St / Chestnut St,50.0,"43.653518,-79.385911"
5497bba2b352b75075542bf5a290dd8a,43.673843560032594,-79.46092618902435,4,7,St. Clair Ave W / Osler St,36.36,"43.673844,-79.460926"
9fd381407b51a700753caec17607a127,43.647508351306186,-79.38604436555764,8,7,Simcoe St / King St W,53.33,"43.647508,-79.386044"
af7fe7debf2e8521bcdd991c1bd0b6be,43.71513211098082,-79.33413623320465,2,10,Grenoble Dr / Gateway Blvd,16.67,"43.715132,-79.334136"
427a1106d58263dd1af25b459ea419b1,43.71649675774656,-79.33089439933623,0,15,Grenoble Dr / Deauville Ln,0.0,"43.716497,-79.330894"
5ef85e20443d6510beb1604c56a32dab,43.715537998967406,-79.32811427663442,1,10,Grenoble Dr / Vendome Pl,9.09,"43.715538,-79.328114"
5a0b70488e83a9220011c89551d6a7de,43.70400405297843,-79.34807015078738,1,14,Thorncliffe Park Dr / Leaside Park Trail,6.67,"43.704004,-79.34807"
b621c72d79bc4d5df4258a78fa83412d,43.71963253523784,-79.33199950866776,5,12,Ferrand Dr / Rochefort Dr,29.41,"43.719633,-79.332"
7cf109e173e4734690f71b81a35ac57d,43.70518328279426,-79.34224729962946,1,8,75 Thorncliffe Park Dr,11.11,"43.705183,-79.342247"
c1a843f198dd5b944533f5b53672a120,43.70088225686968,-79.38736016665911,14,1,Mount Pleasant Rd / Davisville Ave - SMART,93.33,"43.700882,-79.38736"
f4d33af4f0cfe71c2bc31fa004030b47,43.68688938028234,-79.40099513147447,8,5,St Clair Ave W / Avenue Rd ,61.54,"43.686889,-79.400995"
5e41d051a93e4087fc80e372089dbd6c,43.63796,-79.387502,11,16,HTO Park (Queens Quay W),40.74,"43.63796,-79.387502"
dd65003e27abc37a3a1e5b524eb00203,43.65484215542248,-79.40351232494366,13,1,Nassau St / Bellevue Ave,92.86,"43.654842,-79.403512"
8facbe8d87dc7f1fd7ea00321ba78b50,43.6637,-79.400053,20,18,Huron St / Harbord St,52.63,"43.6637,-79.400053"
eb524dc294d5460d6f1d4cdf90b6351f,43.662857,-79.44618,0,14,Ward St / Wallace Ave,0.0,"43.662857,-79.44618"
7a666ee6c60a7f8ffec9334924d36c6a,43.643025055165865,-79.39430137761319,9,5,The Well,64.29,"43.643025,-79.394301"
5335413d6fb1eedf5db4e61589946795,43.7482972,-79.47570569999999,1,19,60 Carl Hall Rd - SMART,5.0,"43.748297,-79.475706"
3c09457be4ce775b0cd37e8b073f4ee8,43.63737145931921,-79.38976958703309,22,4,HTO Park West,84.62,"43.637371,-79.38977"
c0cb4d9e138defbdefd1f862cf2bd095,43.73673829262113,-79.48227195568086,0,15,Downsview Park Blvd / Keele St  - SMART,0.0,"43.736738,-79.482272"
9e69637f78eb0df524d0ac37abb4c431,43.753107,-79.479626,0,20,Downsview Park Subway Station - SMART,0.0,"43.753107,-79.479626"
7b645bb451744c620f391544a625888d,43.7494501,-79.4869662,1,15,Keele St / Dovehouse Ave - SMART,6.25,"43.74945,-79.486966"
a79d5810f694370a821fd385145cb109,43.637695491830144,-79.42023184193503,13,0,Exhibition GO (Atlantic Ave),100.0,"43.637695,-79.420232"
3dbd618c6fba43406cf1b8cf9165647b,43.64392767366328,-79.3687301736982,6,13,Queens Quay E / Lower Jarvis St ,31.58,"43.643928,-79.36873"
2ccced1dbd563c3842d265b565098de1,43.650033,-79.396555,17,13,Phoebe St / Spadina Ave,56.67,"43.650033,-79.396555"
b1378d745af2e60fe542370cb6374226,43.63912451479701,-79.41423166721611,1,14,Lynn Williams St / Pirandello St ,6.67,"43.639125,-79.414232"
c845b03b2ffaa03ebba13b5c61da3af2,43.640978,-79.376785,11,23,Bay St / Queens Quay W (Ferry Terminal),32.35,"43.640978,-79.376785"
f8bbce635f366ade23994d02cb6fcc75,43.658148,-79.398167,13,3,College St / Huron St,81.25,"43.658148,-79.398167"
be39936af5ab6b60d98a2d6756387909,43.663162,-79.309765,14,12,Northern Dancer Blvd / Lake Shore Blvd E,53.85,"43.663162,-79.309765"
146c961dd6b178771287133da0629eba,43.67883,-79.408723,4,11,Spadina Rd / Austin Terrace,26.67,"43.67883,-79.408723"
38d3408bfdf5a321a15ae61358af4aac,43.640132,-79.380464,19,35,York St / Queens Quay W,35.19,"43.640132,-79.380464"
cc38e99861bed2afea72ec6211fecdbf,43.6451635,-79.3831757,15,2,Front St W / University Ave (1),88.24,"43.645164,-79.383176"
ae77752fa855081311919ad282b18482,43.64817,-79.510392,0,15,Willingdon Blvd / Bloor St W (Green P),0.0,"43.64817,-79.510392"
dbf9d3fb9932d05d7ddda51acd4d26b0,43.661324,-79.449534,1,11,Wallace Ave / Symington Ave - SMART,8.33,"43.661324,-79.449534"
c89b262c82b9b2107a954987d36ad4a3,43.66496415990742,-79.38355031526893,8,9,Wellesley Station Green P,47.06,"43.664964,-79.38355"
7fac6bfdffa0a7b4ff8a3f1ebd78da81,43.663102,-79.373181,3,13,Sherbourne St / Carlton St (Allan Gardens),18.75,"43.663102,-79.373181"
f91f2493c8cca75e7c70987c8d0a516c,43.6322445,-79.4108105,0,23,Ontario Place Blvd / Lake Shore Blvd W,0.0,"43.632244,-79.41081"
40e171b076eee2cc9b8405f394f0ace7,43.655103,-79.389295,8,7,Simcoe St / Dundas St W - SMART,53.33,"43.655103,-79.389295"
8362e07e9e4d9c67eb283cae15684c8e,43.6563888888889,-79.4091666666667,2,14,College St / Markham St,12.5,"43.656389,-79.409167"
71ecba080a7e19ebfb8dcde4964a5277,43.637894,-79.454823,18,8,Sunnyside - Gus Ryder Pool,69.23,"43.637894,-79.454823"
ba4fc8dd224feedb2762d341bf58916f,43.6535269,-79.4650569,3,18,Bloor St W / High Park Ave (High Park),14.29,"43.653527,-79.465057"
15e76731635f7e3ac4484228bc8f60ad,43.652686,-79.358395,1,14,Front St E / Cherry St,6.67,"43.652686,-79.358395"
092cb5f641f627d7b43e321542ccc066,43.661152,-79.358505,2,17,Dundas St E / River St,10.53,"43.661152,-79.358505"
daf29ca6d17e9b4b4921ebfb3fa749c4,43.659296,-79.358035,10,5,Shuter St/River St,66.67,"43.659296,-79.358035"
83af92756a52874ce9bade85f065f4d1,43.667158,-79.402761,4,8,Madison Ave / Bloor St W,33.33,"43.667158,-79.402761"
59ebd8c24f539c66f2fa4f178e75eb0a,43.69362206784152,-79.27710529695892,1,13,Danforth Ave / Danforth Rd,7.14,"43.693622,-79.277105"
aa44f34bf848cea7d5570c51697d8ac4,43.72704086366749,-79.24391402446746,4,14,Brimley Rd / McCowan District Park,22.22,"43.727041,-79.243914"
1829fb7bd0a98ee2fc523f35ea417baf,43.63735795888104,-79.43617975886079,3,9,King St W / Jameson Ave - SMART,25.0,"43.637358,-79.43618"
8799c470baa28d22cc44e4efd611aef5,43.73596719224253,-79.21995221481933,6,9,Parkcrest Dr / Kingston Rd,40.0,"43.735967,-79.219952"
7f760f7680dae3ad47ef0821337c8366,43.7154661,-79.2876595,6,13,Scarborough Soccer Centre,31.58,"43.715466,-79.28766"
6f7157a5846ff850e7e5b9f6b8b450c4,43.64290439595669,-79.43746059447746,4,8,Lansdowne Ave / Seaforth Ave ,33.33,"43.642904,-79.437461"
cc5bd0485cb1b99156098277af99641f,43.70688,-79.26850999999999,1,13,Danforth Rd / Birchmount Rd ,7.14,"43.70688,-79.26851"
362434f77c0efeb50a5deb4ca9ce8969,43.69735608087488,-79.28528711019696,10,8,Pharmacy Ave / Teesdale Pl,55.56,"43.697356,-79.285287"
ec83cf5759b66963ff5ea75bee4b9f1d,43.70960859570095,-79.39915125005619,2,10,Yonge St / Montgomery Ave - SMART,16.67,"43.709609,-79.399151"
8fc44e8a98df79c9c41e04c531551a25,43.71176278859601,-79.27028152889692,5,10,552 Birchmount Rd,33.33,"43.711763,-79.270282"
519ee649fcd1ad28beade12953db3732,43.671771,-79.324961,9,10,Highfield Rd / Gerrard St E,47.37,"43.671771,-79.324961"
44d245c021bcfb69fed5e4b088d60dd5,43.7110442448186,-79.29127313845584,5,10,Eastgate Cres / Pharmacy Ave ,33.33,"43.711044,-79.291273"
84e8e3827807916c9c3ac9b60404346d,43.7032112,-79.2787149,1,18,Firvalley Ct / Warden Ave,5.26,"43.703211,-79.278715"
84dc7d9185e88915466d12f23fe07753,43.7128578,-79.2487086,8,6,Midland Ave / Kingston Rd,57.14,"43.712858,-79.248709"
6228f42d28032bf18c0a7f9411df5fa0,43.7323277855009,-79.22496619876934,1,16,Bellamy Rd S / Kingston Rd,5.88,"43.732328,-79.224966"
ec3b9fd9e808fc3e1819e802f02ea442,43.669821695059376,-79.39444614603269,9,4,Avenue Rd / Cumberland St ,69.23,"43.669822,-79.394446"
07bf4729ad15e9e2d17d072dfb67e6b0,43.72690169821676,-79.22920396582664,5,10,Fenwood Ht / Kingston Rd,33.33,"43.726902,-79.229204"
df05fe5ca5c71ce120962deaac85c1fa,43.67794376009951,-79.39836278587889,8,6,Avenue Rd / Macpherson Ave ,57.14,"43.677944,-79.398363"
455237ee758de316844bd61287671f23,43.64309687937765,-79.42875613770637,7,6,Dufferin St / Queen St W,53.85,"43.643097,-79.428756"
1993b48e5142184f347f9d517f120d03,43.6412561641921,-79.41502994047545,0,14,Shaw St / King St W,0.0,"43.641256,-79.41503"
6eaaf36cd079d08d973fdf24e217aa3d,43.6476,-79.4015,11,0,Portland St / Queen St W,100.0,"43.6476,-79.4015"
f2bce10cc9ea50a3431d1ed152ff4e2c,43.6962750705313,-79.39629396191867,18,4,Yonge St / Merton St ,81.82,"43.696275,-79.396294"
b602b86a935450f8aae69903762d466e,43.70430959999999,-79.3972815,10,8,Soudan Ave / Yonge St ,55.56,"43.70431,-79.397282"
1458ace78e8ffe65dd60c610007afe8e,43.69711160305226,-79.40537298227844,0,15,Avenue Rd / Oxton Ave ,0.0,"43.697112,-79.405373"
3b485775d2f902b5529790c4047dff24,43.68370788065334,-79.32262453633884,6,2,1612 Danforth Ave ,75.0,"43.683708,-79.322625"
b542b8a95776fceb86045c831303a7cd,43.64299174164139,-79.42355911563249,8,11,Lisgar St / Queen St W - SMART,42.11,"43.642992,-79.423559"
786a216c74ede38763e705b21c0284e2,43.65727549739013,-79.32661544194183,16,2,Leslie St / Commissioners St  ,88.89,"43.657275,-79.326615"
3a73375ca8c3f3fc85b7b32ec080be5e,43.68698672516659,-79.33478198280334,5,5,Greenwood Ave / Sammon Ave,50.0,"43.686987,-79.334782"
8b95bdc7ca8373821bef770b8f074c6c,43.65922918158098,-79.44320901022282,9,12,Lansdowne Subway Station,42.86,"43.659229,-79.443209"
c6bd34bb3023288b5e87df2d3cbb5f43,43.71161098023304,-79.28055565662231,7,12,Warden Subway Station,36.84,"43.711611,-79.280556"
0b46fa9ccc3ac1fa00d279abd7e73df2,43.74531103700256,-79.20970650787817,4,10,Kingston Rd / Scarborough Golf Club Rd,28.57,"43.745311,-79.209707"
045a7a6b973238dc76bc058e4f33f143,43.647259,-79.379878,13,40,Wellington St W / Bay St,24.53,"43.647259,-79.379878"
58d6f7db09c9e2f543e26eca10ea7cb6,43.67036917803197,-79.32782698645094,7,8,Greenwood Ave / Gerrard St E,46.67,"43.670369,-79.327827"
dcbcf9c681fbd3e77dfbea6df0e070bc,43.6458569,-79.3853654,11,15,Simcoe St / Wellington St W South,42.31,"43.645857,-79.385365"
f622ddb7efda3e9074e12ac16bc7fdd7,43.6509552,-79.3707,9,5,George St / King St E,64.29,"43.650955,-79.3707"
9d62413fcaba8ee2d11737b28e8651be,43.649722,-79.416944,15,29,Dundas St W / Crawford St,34.09,"43.649722,-79.416944"
5dc890e084bc63659659eb43adf210f5,43.66981064282057,-79.38801106873031,6,5,Bloor St W / Balmuto St,54.55,"43.669811,-79.388011"
d16798795a3beff0c7f297cee88deb70,43.665278,-79.368333,3,12,Parliament St / Aberdeen Ave,20.0,"43.665278,-79.368333"
e8761ce9af6e4ae2a1eaaaf420b2cd71,43.6798678328407,-79.33424613862303,6,8,Chatham Ave / Byron Ave,42.86,"43.679868,-79.334246"
77d773b9a22a3e2a912a636d4ab89a54,43.71602024377182,-79.3047092517501,0,10,Wakunda Pl / O'Connor Dr,0.0,"43.71602,-79.304709"
eaabca685376f1b1229969e68c26a1b9,43.71101621552703,-79.30675743891624,4,10,Tiago Ave / Westview Blvd,28.57,"43.711016,-79.306757"
086ae84908444d2c0d0faf35deb1704f,43.70751755961952,-79.30252066313936,2,12,Plaxton Dr / St Clair Ave E,14.29,"43.707518,-79.302521"
81449d406b64d7d94f71f69d5bac9ff2,43.717678679534906,-79.29961580314475,1,15,Victoria Park Ave / Edge Park Ave,6.25,"43.717679,-79.299616"
8517a9c8716fe48386963ae0a6524f5a,43.6603874468082,-79.39537831814152,11,4,Galbraith Rd / King's College Rd,73.33,"43.660387,-79.395378"
778b6d674fa920334fdf2f007088aa3f,43.6352007,-79.4187711,1,13,Exhibition GO Station,7.14,"43.635201,-79.418771"
c27d6b38deaf954439fb6fb0f7542045,43.78187715875296,-79.41528502874928,5,12,Finch Subway Station ,29.41,"43.781877,-79.415285"
769a6cb25850b809d38c7a2620731b1e,43.70925763810859,-79.44169105036657,0,15,Glencairn Subway Station,0.0,"43.709258,-79.441691"
216ff915cee84c00ebe3636ee1bc40bc,43.70820992643782,-79.45627808717194,0,15,Glen Long Community Centre,0.0,"43.70821,-79.456278"
f0da3c366706de4cbcc2bba104331023,43.70756436685646,-79.46571474966814,4,15,Caledonia Rd / Lotherton Pathway,21.05,"43.707564,-79.465715"
f17b2cacee03b81324030881d439f7a9,43.68402031135697,-79.45297885330353,1,17,Harvie Ave / Rogers Rd,5.56,"43.68402,-79.452979"
843602f3de2dc3c06cfacd5bf0a1a0fe,43.766663817888656,-79.18521765344238,14,5,Ling Rd / Morningside Ave,73.68,"43.766664,-79.185218"
73a39d0e39f18c0201caac2def38140f,43.62052630763223,-79.48320224237995,16,3,Lake Shore Blvd W / Legion Rd,84.21,"43.620526,-79.483202"
a6e98c52c1541c26efb19ef524a95247,43.59841926031898,-79.51561102394257,6,4,Lake Shore Blvd W / Seventeenth St,60.0,"43.598419,-79.515611"
a61c1c53028dc937958291979ad82de8,43.645389479325615,-79.5276822170925,2,11,Mabelle Park,15.38,"43.645389,-79.527682"
558270f5714fec81ad57e09729ffb761,43.645658591546216,-79.52339938954925,2,10,Islington Subway Station (Aberfoyle Cres),16.67,"43.645659,-79.523399"
b8ce9f7014a12acd13872c96630dc107,43.59445833196281,-79.53387390859834,5,5,Lake Shore Blvd W / Long Branch Ave,50.0,"43.594458,-79.533874"
7e1ef79ac24de4ac7eded230e7caeff4,43.60191488118503,-79.49941888654288,8,2,Second St / Lake Shore Blvd W,80.0,"43.601915,-79.499419"
71cf95ad04d0a455045bcc030c7dd282,43.64285244644315,-79.53199489206543,1,12,Bloor St W / Dundas St W (2),7.69,"43.642852,-79.531995"
323fcb6c6ca04b1cc1ca2b361adb3217,43.70735572654095,-79.43723072209013,1,13,Viewmount Park,7.14,"43.707356,-79.437231"
14971ec1c8aa07165b67710a2afb84c2,43.650077,-79.391291,15,2,Queen St W / John St,88.24,"43.650077,-79.391291"
2383fa5f5c21140fe68f8b6dda91a1b1,43.6460145694434,-79.39960497726345,8,5,Maud St / Adelaide St W,61.54,"43.646015,-79.399605"
d926a243600989278d9df1e9156a8ac5,43.688153079245126,-79.48219789940566,4,19,York Recreation Centre,17.39,"43.688153,-79.482198"
25beb3f096bca69d14c865774e03b0e8,43.6954984002798,-79.48809394482672,0,15,Trethewey Dr / Black Creek Dr,0.0,"43.695498,-79.488094"
5fc306e019cf6a10e5f8096acfc2c910,43.698706949666914,-79.4756586460327,0,13,Keele St / Ingram Dr,0.0,"43.698707,-79.475659"
a12d9002aaf2ad0f0f14c3952bd5e0ef,43.6743457123134,-79.4948437786083,11,8,Jane St / Haney Ave,57.89,"43.674346,-79.494844"
ba8491c919d03c2df6ecfdd2f49bf386,43.66851090650536,-79.5007648392868,1,14,Scarlett Rd / Eileen Ave,6.67,"43.668511,-79.500765"
487f2f445a917af1d4fecb653ab5323a,43.678276306636576,-79.50667332401198,5,9,Scarlett Rd / Old Scarlett Rd ,35.71,"43.678276,-79.506673"
709a2d134b022632c50a0a7601762715,43.69143920681119,-79.46908634795456,5,14,Eglinton Ave W / Venn Cres,26.32,"43.691439,-79.469086"
b5ad1157fda3b700cc6d0ffcd32295bc,43.68189526215492,-79.4736382392868,4,18,Rogers Rd / Bicknell Ave,18.18,"43.681895,-79.473638"
8e7a7ed4aca59d5a9bd6606d2b3b5d08,43.7023860650084,-79.52594758324148,0,14,Cruickshank Park,0.0,"43.702386,-79.525948"
3787fcc5d521f5f5a12d7c15d8ce4d51,43.70619109239711,-79.53262795581969,1,11,Mallaby Park ,8.33,"43.706191,-79.532628"
d310230182f10034968c97f0c799ee0b,43.68735514096443,-79.50623313806341,1,16,Emmett Ave,5.88,"43.687355,-79.506233"
4bb6616d228bef48cacf56e55952d22c,43.69144464414302,-79.50154583869246,5,9,Jane St / Weston Rd,35.71,"43.691445,-79.501546"
b9968838980358b9b14c03e5894fd3e9,43.70673804962302,-79.50477543802873,5,10,Jane St / Queens Dr,33.33,"43.706738,-79.504775"
1acb494034578036df5811294b853b12,43.69074600637147,-79.47820143344333,38,1,2700 Eglinton Ave W,97.44,"43.690746,-79.478201"
df51480ffd94a7b3412a6d3cc7706585,43.6501644,-79.48296909999999,19,17,265 Armadale Ave,52.78,"43.650164,-79.482969"
e5f9b21c3995c434d0978634faed2a08,43.74386580997666,-79.49181654358595,0,15,Sentinel Rd / Sheppard Ave W,0.0,"43.743866,-79.491817"
2488c941ca12639d2852ad9cbba92626,43.651922,-79.465693,2,19,High Park - West Rd,9.52,"43.651922,-79.465693"
1e9a239336b30d755305f5041c582f05,43.646251,-79.46472,1,20,High Park Amphitheatre,4.76,"43.646251,-79.46472"
0f6db2aa8f96b5a7e102eb705b9ccc11,43.650154,-79.464934,2,23,High Park Outdoor Pool,8.0,"43.650154,-79.464934"
d44a49765bc28c4e8f29edd8cb694294,43.72537884183677,-79.48719674218903,0,15,Humber River Hospital ,0.0,"43.725379,-79.487197"
122f61f32933992b90325cf6b02de9d5,43.75558397112288,-79.47446032684479,1,17,Sheppard Ave W / Chesswood Dr,5.56,"43.755584,-79.47446"
543865bb3e4e09a051a0cb31322af71e,43.702340220597975,-79.50347389514123,6,8,Jane St / Lawrence Ave W,42.86,"43.70234,-79.503474"
33ec997a2ea47262cb99a5918f15691a,43.665304278965365,-79.39938263802871,6,9,Sussex Ave / St George St,40.0,"43.665304,-79.399383"
3d2b767a1af0d75059d1fd78079d1216,43.75919330632997,-79.49001046850891,3,12,Keele St / Catford Rd,20.0,"43.759193,-79.49001"
75e99d6d359bc2d11479941e6f9279e4,43.66273618779861,-79.36253100740966,13,6,Gerrard St E / Nasmith Ave ,68.42,"43.662736,-79.362531"
32cbcb81d2d04a16ed2d1d2ed35220d4,43.644395,-79.40065430000001,8,23,King St W / Portland St - SMART,25.81,"43.644395,-79.400654"
022818120bd4e5138186fe1ab57f791a,43.76073963892478,-79.5000273116394,0,15,Sentinel Rd / Finch Ave W,0.0,"43.76074,-79.500027"
103d15a731b9d215637c447fea0c7209,43.74751496038769,-79.5132569853195,2,12,Oakdale Community Centre,14.29,"43.747515,-79.513257"
fbc181887030746137034a35fb5f7cfd,43.77086729028769,-79.49812990660705,1,14,The Pond Rd / Ian Macdonald Blvd,6.67,"43.770867,-79.49813"
1c0219e93091b1027eda482f4a31ded6,43.7063279,-79.3962499,7,8,75 Holly St,46.67,"43.706328,-79.39625"
f9095ffa2741d962cd7c3c3bef2ab8a7,43.6518918789007,-79.40577861712723,9,15,Bathurst St / Dundas St W,37.5,"43.651892,-79.405779"
86207afc6caf1d9931468449070c148e,43.659221843735615,-79.44277410244676,3,17,697 Lansdowne Ave ,15.0,"43.659222,-79.442774"
ee019f1c082cac84d721e071f41b4e77,43.75531728502427,-79.51704708227844,2,13,Jane St / Yewtree Blvd,13.33,"43.755317,-79.517047"
3586c281a5706af58a3e4d5d637e7bfc,43.73262849415089,-79.5381993243286,3,12,Weston Rd / Sheppard Ave W,20.0,"43.732628,-79.538199"
161ab27f7f32ba3232c688d388731574,43.7503016975738,-79.51577557434386,1,13,Jane St / Yorkwoods Gt,7.14,"43.750302,-79.515776"
3654ed1bd8516fddd2364502084cd01b,43.74845421407306,-79.5504039969242,0,13,Lindylou Rd / Lanyard Rd,0.0,"43.748454,-79.550404"
3f09d8a338e4501752365339f106a1ff,43.76376964130183,-79.48809242593383,0,15,Tangiers Rd / Finch Ave W,0.0,"43.76377,-79.488092"
eb00d171668cedf07334d8504a1dbd79,43.72749778259739,-79.32714222209015,3,8,Wynford Heights Cres / Concorde Pl,27.27,"43.727498,-79.327142"
6b344a9f4d6c85f7a5f4dbd25dbb2cc3,43.72211166436462,-79.30864830919265,4,10,Bartley Park ,28.57,"43.722112,-79.308648"
57b827c6b26680677f9210d912f842ee,43.72176140069124,-79.2359137196434,4,7,Brooklawn Ave / Kingston Rd,36.36,"43.721761,-79.235914"
a0a11d15c4bd8231d739f71d85a8f29c,43.668553,-79.338673,20,2,Gerrard Square Mall (1010 Gerrard St E),90.91,"43.668553,-79.338673"
ccb82af3c137b126999a511eaead0f38,43.6461,-79.3895,2,9,John St  / Mercer St - SMART,18.18,"43.6461,-79.3895"
f3f1657964f64d6b4355e42b0261c789,43.65748153286412,-79.38921396018827,9,7,University Ave / Gerrard St W - SMART(South),56.25,"43.657482,-79.389214"
9052dabe138fde46f56ee3a693b040cf,43.759292283169536,-79.5183741465576,0,15,Jane St / Finch Ave W,0.0,"43.759292,-79.518374"
100594f0c1240ddcfb94c20a7fc54492,43.62649329992186,-79.50358167641535,14,0,Uno Dr / The Queensway,100.0,"43.626493,-79.503582"
301eed3e90079c5aacccf8f091da64b3,43.656038841714505,-79.38970387738495,2,8,Simcoe St / Elm St,20.0,"43.656039,-79.389704"
0ed2c0bb820523fc4d79b053e79fab5e,43.70755596859546,-79.34272024477463,0,19,Overlea Blvd / Thorncliffe Park Dr,0.0,"43.707556,-79.34272"
be2b9ca08b33ec742028063154706378,43.66279594478841,-79.51959827976225,0,15,The Kingsway / Ashley Rd,0.0,"43.662796,-79.519598"
9c009c161f6266165386889055afdbd6,43.66032426876546,-79.51154350422973,4,14,Dundas St W / Prince Edward Dr N,22.22,"43.660324,-79.511544"
4ce279295f87f42bab37bb1e47448630,43.71024429599603,-79.39578744603273,1,13,60 Broadway Ave,7.14,"43.710244,-79.395787"
9522f94ed6253c90336abf00346620aa,43.72093164598881,-79.34989416350709,3,16,Opposite 1103 Leslie St,15.79,"43.720932,-79.349894"
7217236fd8a18e75df0b026ba219f2ac,43.647547634759206,-79.39155200496292,2,9,Widmer St / Adelaide St W - SMART,18.18,"43.647548,-79.391552"
cd1365da833091487f8bb6167af3b51c,43.63682856154585,-79.40884160367011,26,11,800 Fleet St (North),70.27,"43.636829,-79.408842"
0f773cf33d1731bf05d678ebb945021e,43.63670985212708,-79.40880517790985,30,9,800 Fleet St (South),76.92,"43.63671,-79.408805"
8402cda81d70fbc893e5337366df8d58,43.661803,-79.389682,7,9,Queen's Park Cres E / Grosvenor St - SMART,43.75,"43.661803,-79.389682"
6af8017ad238ae1d069be67118ce5fc5,43.712154792369496,-79.39425906322937,7,8,Erskine Ave / Redpath Ave,46.67,"43.712155,-79.394259"
d7068d4e8b75b5de3cacc529691f159a,43.69105005197055,-79.43281746494293,0,15,Arlington Parkette,0.0,"43.69105,-79.432817"
316d458068c46859ff35dd87578ac14d,43.67115532642577,-79.46701597756929,2,12,Keele St / Lloyd Ave,14.29,"43.671155,-79.467016"
581459af76a94b051df1437a2c641d05,43.675531973168354,-79.47199740066374,2,11,Gunns Rd / Lavender Creek Trail,15.38,"43.675532,-79.471997"
d9b63bdad84959af04feaa873f9c0eaf,43.6691099,-79.38551,16,9,20 Charles St E,64.0,"43.66911,-79.38551"
caae67595976983dc8c383dc592180dc,43.64927890131737,-79.50312995581972,1,10,Bloor St W / Kingsmill Rd,9.09,"43.649279,-79.50313"
0a28cd61ad950b8ebc49d08f1b3936ee,43.670042134416704,-79.4789424818056,1,13,St Clair Ave W / Symes Rd,7.14,"43.670042,-79.478942"
f09065f8c579326456b4b30837f0e96f,43.66335070995886,-79.41312798316125,2,8,Palmerston Blvd / Lennox St,20.0,"43.663351,-79.413128"
5f06c49f182da959fa0f03e746fc2e4a,43.6784834,-79.3513564,6,19,14 Arundel Ave,24.0,"43.678483,-79.351356"
bfe199383cd6a1bb69ec0a92a4900918,43.64659663170443,-79.37530913867988,8,10,Scott St / The Esplanade,44.44,"43.646597,-79.375309"
b24ec0083f9a6261ba6212d69cd28f2c,43.626265,-79.476723,39,18,Humber Bay Shores Park / Marine Parade Dr,68.42,"43.626265,-79.476723"
e23bf5a5ce76983f962ad8f9524e00ab,43.6649482,-79.40947,15,6,365 Lippincott St,71.43,"43.664948,-79.40947"
fb7be9c97f75af521151fda98e85d7f4,43.70503461857136,-79.33547292037659,1,22,E.T Seton Park - South ,4.35,"43.705035,-79.335473"
7b4755b8ea7caf158967d13b0ea2a32d,43.71430579301754,-79.36089045040129,0,14,Eglinton Ave E / Brentcliffe Rd,0.0,"43.714306,-79.36089"
97b424e77042aeb9a491f1e6bb11c14b,43.647968822765,-79.38316961352653,7,12,King St W / York St (2),36.84,"43.647969,-79.38317"
1d35b8fd44d73aabbb39f6e142ee3e7e,43.651885,-79.3649,26,5,King St E / Berkeley St,83.87,"43.651885,-79.3649"
bf5d4d14e7619f5ff51e264e4095cc4b,43.65029757496104,-79.36648460341635,0,13,Princess St / Front St E,0.0,"43.650298,-79.366485"
c53d12128be1f1022c4b78518cca7675,43.662452744495575,-79.3978384219513,13,10,St. George St / Willcocks St,56.52,"43.662453,-79.397838"
d0f019574616cb2bce86924059a4c0f8,43.647043061824,-79.38314120681535,7,19,York St / Wellington St W (2),26.92,"43.647043,-79.383141"
479d21ebdac47eb8e30a209268e0bebe,43.644887,-79.45641169999999,12,2,High Park Blvd / Parkside Dr,85.71,"43.644887,-79.456412"
9a5a9a00b6f0cb77047f37e70887d891,43.662862,-79.383572,4,11,Yonge St / Alexander St - SMART,26.67,"43.662862,-79.383572"
12ff7c783a2e93510819802cd0d2c365,43.68233679999999,-79.4680594,4,11,Rogers Rd / Watt Ave,26.67,"43.682337,-79.468059"
531aa6a10312c51ffdf8a58608a29c5a,43.67194610200183,-79.37245115337294,0,17,Bloor St E / Parliament St,0.0,"43.671946,-79.372451"
509c1014d04a16c25fa22822b85318fd,43.64843020000001,-79.38556559999999,4,12,University Ave / Pearl St ,25.0,"43.64843,-79.385566"
6fd025b50c54cb8b8f23e861b54e5938,43.64781808540915,-79.38427999073791,9,9,King St W / University Ave,50.0,"43.647818,-79.38428"
2889401ba82ea091cd0d1ecff6ab5c56,43.64039672322004,-79.4237424131447,1,17,Joe Shuster Way / King St W ,5.56,"43.640397,-79.423742"
88160dbfae368327ec39ecb0df145055,43.7276217093164,-79.55254902939286,0,12,Albion Rd/ Arcot Blvd,0.0,"43.727622,-79.552549"
680a0b51862cb1e5a1cd965a824d0dd9,43.721532966873205,-79.5455834809678,0,17,Armel Ct / Albion Rd,0.0,"43.721533,-79.545583"
97416e3d0063fa4952e8e667f7a6de08,43.729578273586064,-79.54699793872719,2,12,75 Tandridge Cres,14.29,"43.729578,-79.546998"
2bd06fb77a7734b960080c30c16fb190,43.74445257991756,-79.56824985721664,4,11,Islington Ave / Finch Ave W,26.67,"43.744453,-79.56825"
58dfa00434a5fb645fdd0107c68a2302,43.697417070558615,-79.50079830912324,8,11,Trethewey Dr / Jane St,42.11,"43.697417,-79.500798"
aec7195bb028b992ab8536f51c7d37f8,43.64534,-79.409597,24,18,Niagara St / Richmond St W,57.14,"43.64534,-79.409597"
0fbdefeb0bfefe959be202d06ac88ed8,43.64809661123633,-79.38864543439331,7,5,Duncan St / Adelaide St W - SMART,58.33,"43.648097,-79.388645"
ab2fdf22270be8d0f0e1d7bf22b08e7a,43.64286370000001,-79.40713060000002,13,11,Niagara St / King St W - SMART,54.17,"43.642864,-79.407131"
bc86932eec20796276a7f8f4171eac2d,43.67729,-79.35741,14,0,35 Erindale Ave,100.0,"43.67729,-79.35741"
b1bb117ee97b3fef3ac3b57ae12329f8,43.6772,-79.35858,2,12,Broadview Subway Station,14.29,"43.6772,-79.35858"
fbf3bb78beefa587d54c8b24e2533469,43.6720273,-79.3470557,11,7,Logan Ave / Bain Ave,61.11,"43.672027,-79.347056"
e441f2c2eb1ee656c751ae89b5f28ba9,43.64643026333144,-79.3618163165329,9,17,Queens Quay E / Merchants' Wharf,34.62,"43.64643,-79.361816"
196146f920152f5d70175a14f0e88184,43.654501,-79.460053,4,6,Parkside Dr / Bloor St W - SMART,40.0,"43.654501,-79.460053"
d70594ad9c923bbbae6602d2dff4d154,43.657024,-79.377257,0,19,Church St / Dundas St E - SMART,0.0,"43.657024,-79.377257"
9780f1af94b192d3fd4a7791b1272653,43.70979296822595,-79.36389214460489,6,15,McRae Dr / Laird Dr - SMART,28.57,"43.709793,-79.363892"
6bd88200486000a93cc1ca5b78bc5ba9,43.748713,-79.541808,2,12,Weston Rd / Lanyard Rd,14.29,"43.748713,-79.541808"
4cb41f3ebdb86acc404a0c2683aa1920,43.707225,-79.345324,0,12,50 Overlea Blvd,0.0,"43.707225,-79.345324"
804d33486cc649ec8fa4f1ef762caf0a,43.64981903446256,-79.38641270251617,3,12,University Ave / Richmond St W,20.0,"43.649819,-79.386413"
dc08a348402ae50b98dcbec122c0ab84,43.65052424212547,-79.38672702579497,0,16,University Ave / Queen St W,0.0,"43.650524,-79.386727"
c627928483ecb6ae00b50fee53d608d0,43.688526,-79.412903,5,10,Lonsdale Rd / Spadina Rd,33.33,"43.688526,-79.412903"
92291585d153499d1b34f2471d8ecf9f,43.63906470236988,-79.41080996164456,4,16,Strachan Ave / East Liberty St - SMART,20.0,"43.639065,-79.41081"
aed73d18bad350cbb28c6f04cfb4cd2a,43.65105290412541,-79.38764943227872,7,24,Simcoe St / Pullan Pl,22.58,"43.651053,-79.387649"
63bd4b8df49c2c98f24ccdc469487ae8,43.6493544752738,-79.39675713332855,7,3,Spadina Ave / Bulwer St- SMART ,70.0,"43.649354,-79.396757"
7a991edc2d9d2d07b57ce906af4e0c1d,43.64827015761016,-79.35651733677065,5,10,Cherry St / Lake Shore Blvd E,33.33,"43.64827,-79.356517"
cc7e6e95bcbf7963105e167439b37f4f,43.63952275421181,-79.43395976815727,5,9,Dunn Ave / Queen St W,35.71,"43.639523,-79.43396"
2a68f05a1657d2a5537dac257cc1d734,43.6799477790745,-79.38994813684005,7,5,15 Price St ,58.33,"43.679948,-79.389948"
e3a75a102dcca872bdeebd03b6182728,43.66018127636866,-79.39083271520538,6,16,Queens Park Cres / College St ,27.27,"43.660181,-79.390833"
4c9eb7bf1d6f6464b60956afb4cb7bc6,43.6469251,-79.3733192,15,4,Church St / The Esplanade,78.95,"43.646925,-79.373319"
97db697b7ef7a4de9ca17b9bd037e80f,43.6493472,-79.42668,1,5,Lisgar St / Dundas St W - SMART,16.67,"43.649347,-79.42668"
9e3c071c1a1b47ea05a20fa713416614,43.72814640000001,-79.4032194,0,12,Yonge St / Woburn Ave - SMART,0.0,"43.728146,-79.403219"
ffeaa2aaedeb18fc11f708bcd8323149,43.655350778457056,-79.38345966759798,31,20,Bay St / Dundas St W,60.78,"43.655351,-79.38346"
0f4f8c9f5e6417a981fe793e43984158,43.653264,-79.382458,23,35,Bay St / Albert St,39.66,"43.653264,-79.382458"
9c6584773f4f7697e589824f5c44c6aa,43.673391524931525,-79.47798367814572,0,16,Symes Rd / Glen Scarlett Rd - SMART,0.0,"43.673392,-79.477984"
d7f5003913919e1bbf6fab87fb02a163,43.661601650964336,-79.33894582857273,8,4,Boston Ave / Queen St E- SMART,66.67,"43.661602,-79.338946"
26edc0f88e4e012ab0d9930c725d5fba,43.66834,-79.38235,4,23,Isabella St / Church St,14.81,"43.66834,-79.38235"
c1375239981cfc9b3934e691cb9013bb,43.663912,-79.416124,17,25,Bloor St W / Manning Ave - SMART,40.48,"43.663912,-79.416124"
fca601c1041c34a9c42af38d71e7403a,43.6408346,-79.3429074,9,21,Cherry Beach Sports Fields (55 Unwin Ave),30.0,"43.640835,-79.342907"
524590c5d3e31674dbdbda29cf6a13c6,43.662712,-79.379903,10,17,Church St  / Wood St,37.04,"43.662712,-79.379903"
4e05be8f079a2d69eab3123bd5009561,43.707582,-79.311439,2,8,O'Connor Dr / Curity Ave - Smart,20.0,"43.707582,-79.311439"
97a0a3eefa88468c8389efa6bbbd2f50,43.669969,-79.386532,10,8,Yonge St / Bloor St,55.56,"43.669969,-79.386532"
7d618ea2f2211a41fac619c2c9bb261f,43.6570908165693,-79.38593668834272,6,16,Elizabeth St / Elm St,27.27,"43.657091,-79.385937"
e211f140df2f544c2510493e0c05b570,43.591410003452495,-79.54418190344097,5,9,Lake Shore Blvd W / Brow Dr,35.71,"43.59141,-79.544182"
4334c988ef1798a678b8c1f7278cbc63,43.70241717215276,-79.36175932936095,1,13,Millwood Rd / Southvale Dr,7.14,"43.702417,-79.361759"
dbf21479ba65c85662203d868172f9d6,43.75921143833388,-79.40960364801701,2,7,19 Glendora Ave,22.22,"43.759211,-79.409604"
faff1725fda5d7e4856db9169a7fe130,43.64089724173822,-79.43283582518329,6,10,Queen St W / Cowan Ave,37.5,"43.640897,-79.432836"
44e60e088e0130eb438a3c64cd6074e8,43.646552,-79.399586,9,1,St. Andrew's Playground Park,90.0,"43.646552,-79.399586"
d2f0ec399af3589a8fafad2b8e3b3f05,43.652169,-79.362841,6,13,51 Parliament St,31.58,"43.652169,-79.362841"
74c5097816c80c01188e97b00e93a4b6,43.650945,-79.379498,7,48,Temperance St Station,12.73,"43.650945,-79.379498"
f00a7293c22a11405ed12cee565f4129,43.67665014253828,-79.44503029755326,0,37,91 Via Italia,0.0,"43.67665,-79.44503"
ad9a0a7d4c0962118233d4a59d480c06,43.676184561302776,-79.38962496400146,6,9,Ramsden Park,40.0,"43.676185,-79.389625"
1630e350724cc062ba0e77e103728eac,43.660439,-79.385525,9,19,Bay St / College St (East Side),32.14,"43.660439,-79.385525"
d54842ca6cc3a96c8ebbd4101c620e66,43.660087,-79.385655,11,4,Bay St / College St (West Side) - SMART,73.33,"43.660087,-79.385655"
43e5df21054d20adc56c6aa3544b5980,43.657192,-79.452559,4,7,Dundas St W / Edna Ave,36.36,"43.657192,-79.452559"
db9bcdbd258af5174a3e6d725807957e,43.651118,-79.369411,20,23,Frederick St / King St E,46.51,"43.651118,-79.369411"
36e4390d0f95acd44b5c85f49217d360,43.65082785552666,-79.39698099821702,9,9,Spadina Ave / Sullivan St,50.0,"43.650828,-79.396981"
3fb25e1f9d316b89f4ff0ff777fd3a53,43.65011637593798,-79.37953068860327,8,7,Adelaide St W / Bay St ( South ),53.33,"43.650116,-79.379531"
1c83c4053d34442fe21bd7a52bdd012e,43.65038002325664,-79.3787277120385,15,4,Adelaide St W / Yonge St,78.95,"43.65038,-79.378728"
90ec8d1df4740c1de95c087a11617c47,43.651238,-79.43868,6,8,St Clarens Ave / College St,42.86,"43.651238,-79.43868"
b8cb26c3827d563e60826e8d8ddb8865,43.6423847,-79.4240277,4,30,Lisgar Park,11.76,"43.642385,-79.424028"
01caf8b12874b091f2fccc3818e3c72e,43.643834,-79.396649,3,7,420 Wellington St W,30.0,"43.643834,-79.396649"
25ed68a12f51be0066d864c77e780c82,43.650152,-79.379856,18,5,Adelaide St W / Bay St,78.26,"43.650152,-79.379856"
78a43fc13829a61f8db0c57c96572266,43.7078691,-79.39248,22,8,Eglinton Ave E / Redpath Ave,73.33,"43.707869,-79.39248"
908d3c912d6d67c7a5e2bb94d1ae7df3,43.6712581,-79.376367,20,10,Howard St / Sherbourne St,66.67,"43.671258,-79.376367"
f379a344cec55e6a00db6f95769d9a46,43.649649714291584,-79.39372141352654,4,10,Soho St / Queen St W,28.57,"43.64965,-79.393721"
8618a0bee94ec84f5c5bbe1e6b16b02e,43.64290167152932,-79.39937033134326,7,7,Portland St / Wellington St W,50.0,"43.642902,-79.39937"
6dcfe452d8f993c37296c024dcebf398,43.63467323676012,-79.40897321886649,0,16,Princes' Gates,0.0,"43.634673,-79.408973"
b9577c38f2c7d4f54016f5a46d48a333,43.70607287248461,-79.39356161653288,1,31,Lillian St / Soudan Ave ,3.12,"43.706073,-79.393562"
147a0f1ac692ec386cfdbadbde2179a1,43.639547,-79.420022,5,9,Hanna Ave / Snooker St,35.71,"43.639547,-79.420022"
8fa4c8b1ddf121e11c9745205bc18c01,43.667819,-79.35347,14,1,Riverdale Park South (Broadview Ave),93.33,"43.667819,-79.35347"
b1555f2b6ec614b9b7337a3670717f14,43.635007,-79.403341,11,3,Coronation Park (Martin Goodman Trail),78.57,"43.635007,-79.403341"
caaae4774b6109797d93ebd6994de203,43.70512126615395,-79.3890271081274,6,8,Hillsdale Ave E / Mount Pleasant Rd,42.86,"43.705121,-79.389027"
0b5802ed91d7f19be521c0ea071c0f71,43.65995363518053,-79.41787388888551,8,12,Harbord St / Grace St (Bickford Park),40.0,"43.659954,-79.417874"
8504eb2e3b8e6dd069ad9568894fa9ad,43.65231552304792,-79.39091185000235,16,6,OCAD University,72.73,"43.652316,-79.390912"
6b2b4eddafec569d19118f473bda9718,43.64235480340359,-79.39519751877137,3,13,Front St W / Spadina Ave,18.75,"43.642355,-79.395198"
dfa3077e49380a6a7accded4a826fa06,43.64314139337404,-79.42728015945511,3,9,Gladstone Ave / Queen St W,25.0,"43.643141,-79.42728"
32f618847043b8011f80333b5e7ea8b3,43.655431,-79.380653,16,2,Toronto Eaton Centre (Yonge St) - SMART,88.89,"43.655431,-79.380653"
b1961f256424a862f9c62845085fa584,43.6467917,-79.4030281,5,10,Richmond St W / Bathurst St,33.33,"43.646792,-79.403028"
1c3fe7eb55ecb4519e422313552760f9,43.788525214554085,-79.1231844760227,12,5,Starspray Blvd / Lawrence Ave E,70.59,"43.788525,-79.123184"
784016bbba7f7be920647e7f8ec00251,43.6672144,-79.3452697,17,6,Logan Ave / Gerrard St E,73.91,"43.667214,-79.34527"
ca51ba7bcedca409fb2d0425ea483922,43.65907064983235,-79.35240134225845,7,12,Thompson St / Carroll St,36.84,"43.659071,-79.352401"
6523971b87b918d7d1d2a16e4b78ce3a,43.64654941401018,-79.41558900317995,13,9,Crawford St / Lobb Ave,59.09,"43.646549,-79.415589"
b056610271f25cd1743a9702ef699451,43.63860860163671,-79.41965437361068,7,10,Hanna Ave / Liberty St,41.18,"43.638609,-79.419654"
dee47db4f9132cf52b6b7b07db032e75,43.63781903961206,-79.40013176752855,6,15,Bathurst St / Housey St,28.57,"43.637819,-79.400132"
403e402f8bb6453c515cfa5f3e8de676,43.64572868466845,-79.40990680181771,5,4,Niagara St / Queen St W ,55.56,"43.645729,-79.409907"
54e891116c53e9cd15e6433fe530b43f,43.6668334195837,-79.38120391054117,6,5,519 Church St,54.55,"43.666833,-79.381204"
0e2fafe5a7b1683b6fd9b33654eec20f,43.6491919790139,-79.38363237427446,10,9,Adelaide St W / York St ,52.63,"43.649192,-79.383632"
63503c4a279da64285452d1e676c6c37,43.65505698168995,-79.37651024603271,9,4,Church St / Shuter St,69.23,"43.655057,-79.37651"
f3a3e4be39f05e9b3d9fa4aa863b6d5a,43.65378337432506,-79.36335973372954,8,15,Adelaide St E / Parliament St,34.78,"43.653783,-79.36336"
6149c879e83069dd940e71f9f790d336,43.658739,-79.440691,0,21,Emerson Ave / Bloor St W,0.0,"43.658739,-79.440691"
ad7565976931b367a241a27523e47830,43.6662047,-79.37901219999999,6,15,Wellesley St E / Jarvis St,28.57,"43.666205,-79.379012"
fd7c0cadeb907434f002aadc42a88554,43.75404854399297,-79.2553167552948,7,31,Brimley Rd / Lawrence Ave E ,18.42,"43.754049,-79.255317"
ad299c229e85bba5b84af14933cfac77,43.61868,-79.48674,15,0,2300 Lakeshore Blvd W,100.0,"43.61868,-79.48674"
4898d236bceda7c4cb9430c896669537,43.716652,-79.399993,1,15,Blythwood Rd / Yonge St - SMART,6.25,"43.716652,-79.399993"
d21421de2283d1ef48895cf1810b0200,43.6506,-79.381285,14,8,Temperance St / Bay St,63.64,"43.6506,-79.381285"
90e1949054880d582ccee0b0ae9ce5d5,43.76174092019504,-79.24473961415558,5,6,Benshire Dr / The Meadoway,45.45,"43.761741,-79.24474"
46fbf9a39e05b9dc59aa953a0b867ab2,43.76507271818177,-79.23835381614684,5,10,Bellamy Rd N / The Meadoway,33.33,"43.765073,-79.238354"
81d6569b78463553d6b5594e8af1b0dc,43.77121894873629,-79.22956526983644,4,15,Markham Rd / The Meadoway ,21.05,"43.771219,-79.229565"
59c65f9b8ad030535168838f871d5895,43.6544839,-79.34105699999999,12,9,25 Booth Ave,57.14,"43.654484,-79.341057"
e7ebcf37e1b4dd9b4d8efc7825e114a2,43.73003601845614,-79.2920036521843,9,10,Centennial College (Ashtonbee Campus),47.37,"43.730036,-79.292004"
25609edbdf8f13143b34fb67e9205c65,43.77682938751077,-79.2305003612381,7,4,Ellesmere Rd / Markham Rd,63.64,"43.776829,-79.2305"
5539f3700e4ce9e5701353a667924538,43.64570236705167,-79.41933192053696,12,0,Ossington Ave / Bruce St,100.0,"43.645702,-79.419332"
ceb52586adc7097b47183068a3d24862,43.648711,-79.389728,7,23,Nelson St / Duncan St,23.33,"43.648711,-79.389728"
082fdb9cce172f916dde26cc3a543b69,43.641529,-79.386741,23,25,Bremner Blvd / Rees St,47.92,"43.641529,-79.386741"
32960a552834227231a5394c338fb4bf,43.77327261711258,-79.21971485277862,5,10,Slan Ave / Scarborough Golf Club Rd,33.33,"43.773273,-79.219715"
d3d5e47613709a32ec074cecc17419d9,43.64101663053319,-79.38035903750381,13,1,York St / Harbour St (Love Park),92.86,"43.641017,-79.380359"
7b4afdd09fb5ccb59e99e3a0a6a539f3,43.74420820215576,-79.21564636613158,1,10,Cedar Dr / Eglinton Ave E,9.09,"43.744208,-79.215646"
9b4e0bb0559e97dadfd7e2989b5f9b07,43.63758782904466,-79.40314232209015,4,15,Fort York Blvd / Grand Magazine St,21.05,"43.637588,-79.403142"
9be5f078a1ed47fc11cd3cee45260f63,43.74190570940633,-79.27181887640458,4,8,Kennedy Rd/Ranstone Gdns (Jack Goodlad Park),33.33,"43.741906,-79.271819"
4ae37f3bddfb819954a15143d277dbd9,43.736952572933866,-79.24798367249146,6,13,Eglinton Ave E / Brimley Rd,31.58,"43.736953,-79.247984"
e7968ab22d9a15db0673f463144428eb,43.65945682499,-79.38236466864778,8,11,College Park South,42.11,"43.659457,-79.382365"
62acc308c0f93ff09d28e06c73afc3ec,43.70587454662511,-79.36800595602851,2,13,165 McRae Dr,13.33,"43.705875,-79.368006"
bea74af3bf338f6416944906b4b99d01,43.67348899977229,-79.41339520555726,2,11,Albany Ave / Dupont St,15.38,"43.673489,-79.413395"
452b30fbf0fc84eedbd3a7723bdafea0,43.60116229109828,-79.50416046627045,1,14,Sixth St / Lake Shore Blvd W,6.67,"43.601162,-79.50416"
a8d19e5a065743874f30fd9cc5322947,43.72729077290258,-79.25237907196654,0,15,Gordonridge Pl / Danforth Rd,0.0,"43.727291,-79.252379"
0f9fabd3b11f238b817673ee0162a944,43.74033901575211,-79.23935319629516,0,19,McCowan Rd / Trudelle St,0.0,"43.740339,-79.239353"
